{"database_name":"tpch","table_name":"region","columns":{"r_comment":{"histogram":{"ndv":5},"cm_sketch":{"top_n":[{"data":"AWdlcy4gdGhp/25seSBldmVu/yBwaW50byBi/2VhbnMgY2EA/g==","count":1},{"data":"AWhzIHVzZSBp/3JvbmljLCBl/3ZlbiByZXF1/2VzdHMuIHMA/g==","count":1},{"data":"AWxhciBkZXBv/3NpdHMuIGJs/2l0aGVseSBm/2luYWwgcGFj/2thZ2VzIGNh/2pvbGUuIHJl/2d1bGFyIHdh/3RlcnMgYXJl/yBmaW5hbCBy/2VxdWVzdHMu/yByZWd1bGFy/yBhY2NvdW50/3MgYXJlIGFj/2NvcmRpbmcg/3RvIAAAAAAA+g==","count":1},{"data":"AWx5IGZpbmFs/yBjb3VydHMg/2Nham9sZSBm/3VyaW91c2x5/yBmaW5hbCBl/3hjdXNlAAAA/A==","count":1},{"data":"AXVpY2tseSBz/3BlY2lhbCBh/2Njb3VudHMg/2Nham9sZSBj/2FyZWZ1bGx5/yBibGl0aGVs/3kgY2xvc2Ug/3JlcXVlc3Rz/y4gY2FyZWZ1/2xseSBmaW5h/2wgYXN5bXB0/290ZXMgaGFn/2dsZSBmdXJp/291c2wAAAAA+w==","count":1}],"default_value":0},"fm_sketch":null,"null_count":0,"tot_col_size":337,"last_update_version":437404805250416642,"correlation":0.6,"stats_ver":2},"r_name":{"histogram":{"ndv":5},"cm_sketch":{"top_n":[{"data":"AUFGUklDQQAA/Q==","count":1},{"data":"AUFNRVJJQ0EA/g==","count":1},{"data":"AUFTSUEAAAAA+w==","count":1},{"data":"AUVVUk9QRQAA/Q==","count":1},{"data":"AU1JRERMRSBF/0FTVAAAAAAA+g==","count":1}],"default_value":0},"fm_sketch":null,"null_count":0,"tot_col_size":39,"last_update_version":437404805250416642,"correlation":1,"stats_ver":2},"r_regionkey":{"histogram":{"ndv":5},"cm_sketch":{"top_n":[{"data":"A4AAAAAAAAAA","count":1},{"data":"A4AAAAAAAAAB","count":1},{"data":"A4AAAAAAAAAC","count":1},{"data":"A4AAAAAAAAAD","count":1},{"data":"A4AAAAAAAAAE","count":1}],"default_value":0},"fm_sketch":null,"null_count":0,"tot_col_size":40,"last_update_version":437404805250416642,"correlation":1,"stats_ver":2}},"indices":{},"ext_stats":null,"count":5,"modify_count":0,"partitions":null}