{"database_name":"tpch","table_name":"nation","columns":{"n_comment":{"histogram":{"ndv":25},"cm_sketch":{"top_n":[{"data":"ASBoYWdnbGUu/yBjYXJlZnVs/2x5IGZpbmFs/yBkZXBvc2l0/3MgZGV0ZWN0/yBzbHlseSBh/2dhaQAAAAAA+g==","count":1},{"data":"ASBwZW5kaW5n/yBleGN1c2Vz/yBoYWdnbGUg/2Z1cmlvdXNs/3kgZGVwb3Np/3RzLiBwZW5k/2luZywgZXhw/3Jlc3MgcGlu/3RvIGJlYW5z/yB3YWtlIGZs/3VmZmlseSBw/2FzdCB0AAAA/A==","count":1},{"data":"ASByZXF1ZXN0/3MgYWdhaW5z/3QgdGhlIHBs/2F0ZWxldHMg/3VzZSBuZXZl/3IgYWNjb3Jk/2luZyB0byB0/2hlIHF1aWNr/2x5IHJlZ3Vs/2FyIHBpbnQA/g==","count":1},{"data":"ASBzbHlseSBl/3hwcmVzcyBh/3N5bXB0b3Rl/3MuIHJlZ3Vs/2FyIGRlcG9z/2l0cyBoYWdn/2xlIHNseWx5/y4gY2FyZWZ1/2xseSBpcm9u/2ljIGhvY2tl/3kgcGxheWVy/3Mgc2xlZXAg/2JsaXRoZWx5/y4gY2FyZWZ1/2xsAAAAAAAA+Q==","count":1},{"data":"AWFsIGZveGVz/yBwcm9taXNl/yBzbHlseSBh/2Njb3JkaW5n/yB0byB0aGUg/3JlZ3VsYXIg/2FjY291bnRz/y4gYm9sZCBy/2VxdWVzdHMg/2Fsb24AAAAA+w==","count":1},{"data":"AWMgZGVwZW5k/2VuY2llcy4g/2Z1cmlvdXNs/3kgZXhwcmVz/3Mgbm90b3Ju/2lzIHNsZWVw/yBzbHlseSBy/2VndWxhciBh/2Njb3VudHMu/yBpZGVhcyBz/2xlZXAuIGRl/3BvcwAAAAAA+g==","count":1},{"data":"AWVhbnMgYm9v/3N0IGNhcmVm/3VsbHkgc3Bl/2NpYWwgcmVx/3Vlc3RzLiBh/2Njb3VudHMg/2FyZS4gY2Fy/2VmdWxsAAAA/A==","count":1},{"data":"AWVhcyBoYW5n/yBpcm9uaWMs/yBzaWxlbnQg/3BhY2thZ2Vz/y4gc2x5bHkg/3JlZ3VsYXIg/3BhY2thZ2Vz/yBhcmUgZnVy/2lvdXNseSBv/3ZlciB0aGUg/3RpdGhlcy4g/2ZsdWZmaWx5/yBib2xkAAAA/A==","count":1},{"data":"AWVmdWxseSBh/2xvbmdzaWRl/yBvZiB0aGUg/3NseWx5IGZp/25hbCBkZXBl/25kZW5jaWVz/y4gAAAAAAAA+Q==","count":1},{"data":"AWhlbHkgZW50/2ljaW5nbHkg/2V4cHJlc3Mg/2FjY291bnRz/y4gZXZlbiwg/2ZpbmFsIAAA/Q==","count":1},{"data":"AWljIGRlcG9z/2l0cyBhcmUg/2JsaXRoZWx5/yBhYm91dCB0/2hlIGNhcmVm/3VsbHkgcmVn/3VsYXIgcGEA/g==","count":1},{"data":"AWwgcGxhdGVs/2V0cy4gcmVn/3VsYXIgYWNj/291bnRzIHgt/3JheTogdW51/3N1YWwsIHJl/2d1bGFyIGFj/2NvAAAAAAAA+Q==","count":1},{"data":"AW5pYyBkZXBv/3NpdHMgYm9v/3N0IGF0b3Ag/3RoZSBxdWlj/2tseSBmaW5h/2wgcmVxdWVz/3RzPyBxdWlj/2tseSByZWd1/2xhAAAAAAAA+Q==","count":1},{"data":"AW91c2x5LiBm/2luYWwsIGV4/3ByZXNzIGdp/2Z0cyBjYWpv/2xlIGEAAAAA+w==","count":1},{"data":"AXBsYXRlbGV0/3MuIGJsaXRo/2VseSBwZW5k/2luZyBkZXBl/25kZW5jaWVz/yB1c2UgZmx1/2ZmaWx5IGFj/3Jvc3MgdGhl/yBldmVuIHBp/250byBiZWFu/3MuIGNhcmVm/3VsbHkgc2ls/2VudCBhY2Nv/3VuAAAAAAAA+Q==","count":1},{"data":"AXJlZnVsbHkg/2ZpbmFsIHJl/3F1ZXN0cy4g/3JlZ3VsYXIs/yBpcm9uaQAA/Q==","count":1},{"data":"AXJucy4gYmxp/3RoZWx5IGJv/2xkIGNvdXJ0/3MgYW1vbmcg/3RoZSBjbG9z/2VseSByZWd1/2xhciBwYWNr/2FnZXMgdXNl/yBmdXJpb3Vz/2x5IGJvbGQg/3BsYXRlbGV0/3M/AAAAAAAA+Q==","count":1},{"data":"AXMuIGlyb25p/2MsIHVudXN1/2FsIGFzeW1w/3RvdGVzIHdh/2tlIGJsaXRo/2VseSByAAAA/A==","count":1},{"data":"AXNzIGV4Y3Vz/2VzIGNham9s/2Ugc2x5bHkg/2Fjcm9zcyB0/2hlIHBhY2th/2dlcy4gZGVw/29zaXRzIHBy/2ludCBhcm91/24AAAAAAAAA+A==","count":1},{"data":"AXRzLiBzaWxl/250IHJlcXVl/3N0cyBoYWdn/2xlLiBjbG9z/2VseSBleHBy/2VzcyBwYWNr/2FnZXMgc2xl/2VwIGFjcm9z/3MgdGhlIGJs/2l0aGVseQAA/Q==","count":1},{"data":"AXVsYXIgYXN5/21wdG90ZXMg/2FyZSBhYm91/3QgdGhlIGZ1/3Jpb3VzIG11/2x0aXBsaWVy/3MuIGV4cHJl/3NzIGRlcGVu/2RlbmNpZXMg/25hZyBhYm92/2UgdGhlIGly/29uaWNhbGx5/yBpcm9uaWMg/2FjY291bnQA/g==","count":1},{"data":"AXZlbiBwYWNr/2FnZXMgd2Fr/2UgcXVpY2ts/3kuIHJlZ3UA/g==","count":1},{"data":"AXkgYWJvdmUg/3RoZSBjYXJl/2Z1bGx5IHVu/3VzdWFsIHRo/2VvZG9saXRl/3MuIGZpbmFs/yBkdWdvdXRz/yBhcmUgcXVp/2NrbHkgYWNy/29zcyB0aGUg/2Z1cmlvdXNs/3kgcmVndWxh/3IgZAAAAAAA+g==","count":1},{"data":"AXkgYWxvbmdz/2lkZSBvZiB0/2hlIHBlbmRp/25nIGRlcG9z/2l0cy4gY2Fy/2VmdWxseSBz/3BlY2lhbCBw/2Fja2FnZXMg/2FyZSBhYm91/3QgdGhlIGly/29uaWMgZm9y/2dlcy4gc2x5/2x5IHNwZWNp/2FsIAAAAAAA+g==","count":1},{"data":"AXkgZmluYWwg/3BhY2thZ2Vz/y4gc2xvdyBm/294ZXMgY2Fq/29sZSBxdWlj/2tseS4gcXVp/2NrbHkgc2ls/2VudCBwbGF0/2VsZXRzIGJy/2VhY2ggaXJv/25pYyBhY2Nv/3VudHMuIHVu/3VzdWFsIHBp/250byBiZQAA/Q==","count":1}],"default_value":0},"fm_sketch":null,"null_count":0,"tot_col_size":1897,"last_update_version":437404805276631043,"correlation":0.04692307692307692,"stats_ver":2},"n_name":{"histogram":{"ndv":25},"cm_sketch":{"top_n":[{"data":"AUFMR0VSSUEA/g==","count":1},{"data":"AUFSR0VOVElO/0EAAAAAAAAA+A==","count":1},{"data":"AUJSQVpJTAAA/Q==","count":1},{"data":"AUNBTkFEQQAA/Q==","count":1},{"data":"AUNISU5BAAAA/A==","count":1},{"data":"AUVHWVBUAAAA/A==","count":1},{"data":"AUVUSElPUElB/wAAAAAAAAAA9w==","count":1},{"data":"AUZSQU5DRQAA/Q==","count":1},{"data":"AUdFUk1BTlkA/g==","count":1},{"data":"AUlORElBAAAA/A==","count":1},{"data":"AUlORE9ORVNJ/0EAAAAAAAAA+A==","count":1},{"data":"AUlSQU4AAAAA+w==","count":1},{"data":"AUlSQVEAAAAA+w==","count":1},{"data":"AUpBUEFOAAAA/A==","count":1},{"data":"AUpPUkRBTgAA/Q==","count":1},{"data":"AUtFTllBAAAA/A==","count":1},{"data":"AU1PUk9DQ08A/g==","count":1},{"data":"AU1PWkFNQklR/1VFAAAAAAAA+Q==","count":1},{"data":"AVBFUlUAAAAA+w==","count":1},{"data":"AVJPTUFOSUEA/g==","count":1},{"data":"AVJVU1NJQQAA/Q==","count":1},{"data":"AVNBVURJIEFS/0FCSUEAAAAA+w==","count":1},{"data":"AVVOSVRFRCBL/0lOR0RPTQAA/Q==","count":1},{"data":"AVVOSVRFRCBT/1RBVEVTAAAA/A==","count":1},{"data":"AVZJRVROQU0A/g==","count":1}],"default_value":0},"fm_sketch":null,"null_count":0,"tot_col_size":202,"last_update_version":437404805276631043,"correlation":0.9130769230769231,"stats_ver":2},"n_nationkey":{"histogram":{"ndv":25},"cm_sketch":{"top_n":[{"data":"A4AAAAAAAAAA","count":1},{"data":"A4AAAAAAAAAB","count":1},{"data":"A4AAAAAAAAAC","count":1},{"data":"A4AAAAAAAAAD","count":1},{"data":"A4AAAAAAAAAE","count":1},{"data":"A4AAAAAAAAAF","count":1},{"data":"A4AAAAAAAAAG","count":1},{"data":"A4AAAAAAAAAH","count":1},{"data":"A4AAAAAAAAAI","count":1},{"data":"A4AAAAAAAAAJ","count":1},{"data":"A4AAAAAAAAAK","count":1},{"data":"A4AAAAAAAAAL","count":1},{"data":"A4AAAAAAAAAM","count":1},{"data":"A4AAAAAAAAAN","count":1},{"data":"A4AAAAAAAAAO","count":1},{"data":"A4AAAAAAAAAP","count":1},{"data":"A4AAAAAAAAAQ","count":1},{"data":"A4AAAAAAAAAR","count":1},{"data":"A4AAAAAAAAAS","count":1},{"data":"A4AAAAAAAAAT","count":1},{"data":"A4AAAAAAAAAU","count":1},{"data":"A4AAAAAAAAAV","count":1},{"data":"A4AAAAAAAAAW","count":1},{"data":"A4AAAAAAAAAX","count":1},{"data":"A4AAAAAAAAAY","count":1}],"default_value":0},"fm_sketch":null,"null_count":0,"tot_col_size":200,"last_update_version":437404805276631043,"correlation":1,"stats_ver":2},"n_regionkey":{"histogram":{"ndv":5},"cm_sketch":{"top_n":[{"data":"A4AAAAAAAAAA","count":5},{"data":"A4AAAAAAAAAB","count":5},{"data":"A4AAAAAAAAAC","count":5},{"data":"A4AAAAAAAAAD","count":5},{"data":"A4AAAAAAAAAE","count":5}],"default_value":0},"fm_sketch":null,"null_count":0,"tot_col_size":200,"last_update_version":437404805276631043,"correlation":0.3476923076923077,"stats_ver":2}},"indices":{},"ext_stats":null,"count":25,"modify_count":0,"partitions":null}