{"database_name":"tpcds50","table_name":"dbgen_version","columns":{"dv_cmdline_args":{"histogram":{"ndv":1},"cm_sketch":{"top_n":[{"data":"AS1zY2FsZSA1/zAgLWYgLWRp/3IgL2RhdGEx/y90cGNkcy9z/2M1MCAAAAAA+w==","count":1}],"default_value":0},"fm_sketch":null,"null_count":0,"tot_col_size":37,"last_update_version":437564343353606155,"correlation":1,"stats_ver":2},"dv_create_date":{"histogram":{"ndv":1},"cm_sketch":{"top_n":[{"data":"BBmqDgAAAAAA","count":1}],"default_value":0},"fm_sketch":null,"null_count":0,"tot_col_size":8,"last_update_version":437564343353606155,"correlation":1,"stats_ver":2},"dv_create_time":{"histogram":{"ndv":1},"cm_sketch":{"top_n":[{"data":"B4AAMpXOvN4A","count":1}],"default_value":0},"fm_sketch":null,"null_count":0,"tot_col_size":8,"last_update_version":437564343353606155,"correlation":1,"stats_ver":2},"dv_version":{"histogram":{"ndv":1},"cm_sketch":{"top_n":[{"data":"ATIuNy4wAAAA/A==","count":1}],"default_value":0},"fm_sketch":null,"null_count":0,"tot_col_size":6,"last_update_version":437564343353606155,"correlation":1,"stats_ver":2}},"indices":{},"ext_stats":null,"count":1,"modify_count":0,"partitions":null}