{"database_name":"tpcds50","table_name":"web_site","columns":{"web_city":{"histogram":{"ndv":7},"cm_sketch":{"top_n":[{"data":"AUZhaXJ2aWV3/wAAAAAAAAAA9w==","count":2},{"data":"AUZpdmUgUG9p/250cwAAAAAA+g==","count":1},{"data":"AU1pZHdheQAA/Q==","count":5},{"data":"AU1vdW50IFBs/2Vhc2FudAAA/Q==","count":5},{"data":"AU9hayBHcm92/2UAAAAAAAAA+A==","count":5},{"data":"AVBsZWFzYW50/yBIaWxsAAAA/A==","count":2},{"data":"AVJpdmVyc2lk/2UAAAAAAAAA+A==","count":2}],"default_value":0},"fm_sketch":null,"null_count":0,"tot_col_size":238,"last_update_version":437564511427231755,"correlation":0.5403726708074534,"stats_ver":2},"web_class":{"histogram":{"ndv":1},"cm_sketch":{"top_n":[{"data":"AVVua25vd24A/g==","count":22}],"default_value":0},"fm_sketch":null,"null_count":0,"tot_col_size":176,"last_update_version":437564511427231755,"correlation":1,"stats_ver":2},"web_close_date_sk":{"histogram":{"ndv":8},"cm_sketch":{"top_n":[{"data":"A4AAAAAAJVaC","count":1},{"data":"A4AAAAAAJVbG","count":2},{"data":"A4AAAAAAJVbo","count":3},{"data":"A4AAAAAAJVcs","count":2},{"data":"A4AAAAAAJV20","count":2},{"data":"A4AAAAAAJV3W","count":3},{"data":"A4AAAAAAJV4a","count":2},{"data":"A4AAAAAAJV48","count":3}],"default_value":0},"fm_sketch":null,"null_count":4,"tot_col_size":144,"last_update_version":437564511427231755,"correlation":0.29205366357069146,"stats_ver":2},"web_company_id":{"histogram":{"ndv":6},"cm_sketch":{"top_n":[{"data":"A4AAAAAAAAAB","count":2},{"data":"A4AAAAAAAAAC","count":4},{"data":"A4AAAAAAAAAD","count":2},{"data":"A4AAAAAAAAAE","count":4},{"data":"A4AAAAAAAAAF","count":6},{"data":"A4AAAAAAAAAG","count":4}],"default_value":0},"fm_sketch":null,"null_count":0,"tot_col_size":176,"last_update_version":437564511427231755,"correlation":0.26030491247882553,"stats_ver":2},"web_company_name":{"histogram":{"ndv":6},"cm_sketch":{"top_n":[{"data":"AWFibGUAAAAA+w==","count":4},{"data":"AWFudGkAAAAA+w==","count":7},{"data":"AWNhbGx5AAAA/A==","count":4},{"data":"AWVzZQAAAAAA+g==","count":3},{"data":"AW91Z2h0AAAA/A==","count":2},{"data":"AXByaQAAAAAA+g==","count":2}],"default_value":0},"fm_sketch":null,"null_count":0,"tot_col_size":111,"last_update_version":437564511427231755,"correlation":0.000564652738565782,"stats_ver":2},"web_country":{"histogram":{"ndv":1},"cm_sketch":{"top_n":[{"data":"AVVuaXRlZCBT/3RhdGVzAAAA/A==","count":22}],"default_value":0},"fm_sketch":null,"null_count":0,"tot_col_size":308,"last_update_version":437564511427231755,"correlation":1,"stats_ver":2},"web_county":{"histogram":{"ndv":3},"cm_sketch":{"top_n":[{"data":"AVdhbGtlciBD/291bnR5AAAA/A==","count":9},{"data":"AVdpbGxpYW1z/29uIENvdW50/3kAAAAAAAAA+A==","count":5},{"data":"AVppZWJhY2gg/0NvdW50eQAA/Q==","count":8}],"default_value":0},"fm_sketch":null,"null_count":0,"tot_col_size":336,"last_update_version":437564511427231755,"correlation":0.1665725578769057,"stats_ver":2},"web_gmt_offset":{"histogram":{"ndv":2},"cm_sketch":{"top_n":[{"data":"BgUCf/n/","count":17},{"data":"BgUCf/r/","count":5}],"default_value":0},"fm_sketch":null,"null_count":0,"tot_col_size":110,"last_update_version":437564511427231755,"correlation":0.2885375494071146,"stats_ver":2},"web_manager":{"histogram":{"ndv":17},"cm_sketch":{"top_n":[{"data":"AUFkYW0gU3Rv/25nZQAAAAAA+g==","count":1},{"data":"AUNoYXJsZXMg/0Nhc3RpbGxv/wAAAAAAAAAA9w==","count":2},{"data":"AUNoYXJsZXMg/1BhcmtlcgAA/Q==","count":1},{"data":"AUR3aWdodCBB/2Fyb24AAAAA+w==","count":2},{"data":"AUhhcm9sZCBX/2lsc29uAAAA/A==","count":3},{"data":"AUhlcmJlcnQg/0hhd2VzAAAA/A==","count":1},{"data":"AUphbWVzIEF1/3N0aW4AAAAA+w==","count":1},{"data":"AUppbW15IFBv/3BlAAAAAAAA+Q==","count":1},{"data":"AUpvaG4gVGhv/21hcwAAAAAA+g==","count":1},{"data":"AUxld2lzIFdv/2xmAAAAAAAA+Q==","count":1},{"data":"AU1hcnNoYWxs/yBDb25uZXIA/g==","count":1},{"data":"AU1vc2VzIEhp/2NrcwAAAAAA+g==","count":1},{"data":"AVBldGVyIENh/3NzaWR5AAAA/A==","count":1},{"data":"AVJpY2hhcmQg/0Z1Y2hzAAAA/A==","count":1},{"data":"AVJvYmVydCBB/3Jub2xkAAAA/A==","count":1},{"data":"AVJvbmFsZCBT/2hhZmZlcgAA/Q==","count":1},{"data":"AVRvbW15IEpv/25lcwAAAAAA+g==","count":2}],"default_value":0},"fm_sketch":null,"null_count":0,"tot_col_size":299,"last_update_version":437564511427231755,"correlation":-0.3427442123094297,"stats_ver":2},"web_market_manager":{"histogram":{"ndv":19},"cm_sketch":{"top_n":[{"data":"AUFsYmVydCBM/2V1bmcAAAAA+w==","count":1},{"data":"AUNhc2V5IEJh/25rcwAAAAAA+g==","count":2},{"data":"AURhdmlkIE15/2VycwAAAAAA+g==","count":2},{"data":"AUVkd2FyZCBH/2VvcmdlAAAA/A==","count":1},{"data":"AUVsZG9uIFNu/293AAAAAAAA+Q==","count":1},{"data":"AUZyYW5rIENv/29wZXIAAAAA+w==","count":1},{"data":"AUdlcmFsZCBD/3JhZnQAAAAA+w==","count":1},{"data":"AUdpbGJlcnQg/0NoYXBtYW4A/g==","count":1},{"data":"AUphbWVzIEJl/3JuYXJkAAAA/A==","count":1},{"data":"AUphbWVzIEJy/2V3ZXIAAAAA+w==","count":1},{"data":"AUphbWVzIEhh/3JyaXMAAAAA+w==","count":1},{"data":"AUphcnZpcyBB/2xsZW4AAAAA+w==","count":1},{"data":"AUpvZSBHZW9y/2dlAAAAAAAA+Q==","count":1},{"data":"AUpvaG4gU2hl/3BwYXJkAAAA/A==","count":1},{"data":"AUtlaXRoIEZy/2F6aWVyAAAA/A==","count":2},{"data":"AUtlbHZpbiBM/3luY2gAAAAA+w==","count":1},{"data":"AVNjb3R0IEJy/3lhbnQAAAAA+w==","count":1},{"data":"AVdpbGxpYW0g/1JleWVzAAAA/A==","count":1},{"data":"AVphY2hlcnkg/09uZWlsAAAA/A==","count":1}],"default_value":0},"fm_sketch":null,"null_count":0,"tot_col_size":288,"last_update_version":437564511427231755,"correlation":0.1665725578769057,"stats_ver":2},"web_mkt_class":{"histogram":{"ndv":18},"cm_sketch":{"top_n":[{"data":"AUFib3V0IHJ1/3JhbCByZWFz/29ucyBzaGFs/2wgbm8AAAAA+w==","count":1},{"data":"AUFzIHByaXZh/3RlIGVtb3Rp/29ucyBjYXJy/3kgeWV0IHNl/3J2aWNlcy4g/1dvcgAAAAAA+g==","count":1},{"data":"AUFzIHN0cm9u/2cgbm90ZXMg/2RlYWwgcXVl/3N0aW9ucy4g/1Byb3VkIHZp/3NpdG8AAAAA+w==","count":1},{"data":"AUJyb2FkLCBu/2V3IGdyb3Vw/3Mgc2hvdyBj/2FyAAAAAAAA+Q==","count":1},{"data":"AUNvbXBsZXRl/2x5IGV4Y2Vs/2xlbnQgdGhp/25ncyBvdWdo/3QgdG8gcHJv/wAAAAAAAAAA9w==","count":2},{"data":"AUdyZXkgbGlu/2VzIG91Z2h0/yB0byByZXN1/2x0IGluZGVl/2QgY2VudHJl/3MuIFRvZAAA/Q==","count":1},{"data":"AUhhcmQgbmV3/yBzdWdnZXN0/2lvbnMgbWln/2h0IGNvbnRh/2luIG5hdAAA/Q==","count":1},{"data":"AUp1c3QgcG9w/3VsYXIgd29y/2RzIHNoYWxs/yAAAAAAAAAA+A==","count":1},{"data":"AUxhYm91ciBj/2FycyB3aXRo/2RyYXcgYmln/ywgZnVsbCBp/3NzdWVzAAAA/A==","count":1},{"data":"AUxlYWRlcnMg/21ha2UgYXMg/3lldCBwYXJ0/2ljdWxhciwg/2Rlc3BlcmF0/2UgbWFjaGkA/g==","count":1},{"data":"AU5lY2Vzc2Fy/3ksIGludGVy/21lZGlhdAAA/Q==","count":2},{"data":"AU5ldyBob21l/3MgY29tbWVu/3QgZ3JlYXQu/yBQb3NzaWJp/2xpdGllcyBy/2UAAAAAAAAA+A==","count":1},{"data":"AU5ldywgZGlm/2ZlcmVudCBy/29hZHMga25v/3cgc3RhbmRh/wAAAAAAAAAA9w==","count":1},{"data":"AU5ldywgaW1w/29ydGFudCBz/3lzdGVtAAAA/A==","count":1},{"data":"AU9ubHksIHRl/21wb3Jhcnkg/3NlcnZpY2Vz/yAAAAAAAAAA+A==","count":1},{"data":"AVJpZ2h0IGVm/2ZvcnRzIG11/3N0IG5vAAAA/A==","count":2},{"data":"AVNldmVyZSwg/3VzZWZ1bCBm/3VuZHMgbGlm/3Q7IGp1c3QA/g==","count":1},{"data":"AVdpZGUsIGZp/25hbCByZXBy/2VzZW50YXQA/g==","count":2}],"default_value":0},"fm_sketch":null,"null_count":0,"tot_col_size":718,"last_update_version":437564511427231755,"correlation":-0.015245623941276116,"stats_ver":2},"web_mkt_desc":{"histogram":{"ndv":15},"cm_sketch":{"top_n":[{"data":"AUFjcmVzIHNl/2UgZWxzZSBj/2hpbGRyZW4u/yBNdXR1YWwg/3RvbwAAAAAA+g==","count":1},{"data":"AUFzc29jaWF0/2lvbnMgbWF5/yBraWxsIHNv/2xlIHBhcmVu/3RzLiBSZWQs/yBwaW5rIHJl/3N1bHRzIHJp/3NlIG5lYXJs/3kAAAAAAAAA+A==","count":2},{"data":"AUJhc2ljIG90/2hlcnMgd2ls/2wgbm90IGFw/3ByZWNpYXRl/yBzbyBsYXRl/ywgcG90ZW50/2lhbCBjaGls/wAAAAAAAAAA9w==","count":3},{"data":"AUNvbXBhbmll/3MgZ3JvdyBj/2VsbHMuIEFw/2FydCB0cnVl/yBleWVzIHUA/g==","count":2},{"data":"AURlZXBseSBz/21hbGwgYm9v/2tzIGNhbm5v/3QgZXh0ZW5k/yBhbGwgc2lt/2lsYXIsIGNs/2VhciBoaXN0/29yaWFucy4g/0ZyZWUsIG5l/3cgY2FtcAAA/Q==","count":2},{"data":"AUVub3VnaCBz/21hbGwgYW5p/21hbHMgZW1l/3JnZSBhdCBh/yBob2xpZGF5/3MuIE1hbmFn/2VycyBleHBl/2N0IG9ubHku/wAAAAAAAAAA9w==","count":1},{"data":"AUZvcm1lcmx5/yBsb25nIG1p/25kcyBkZWFs/yBhc2lkZSBw/2FydGllcy4g/0xlZgAAAAAA+g==","count":2},{"data":"AUhvbWUgbmV3/yB0aG91Z2h0/3MgbXVzdCBn/2V0IGhvd2V2/2VyIHRob3Vn/2h0czsgdGVj/2huaWNhbCwg/290aAAAAAAA+g==","count":1},{"data":"AUluZGl2aWR1/2FsIG5lZ290/2lhdGlvbnMg/21pZ2h0IGpv/2luIGJhZGx5/yBjaGlsZHJl/24uIEJyb3du/yBmZWF0dXJl/3MgdHJhdmVs/yBmaWVyY2Vs/3kgZHJhbWF0/2ljIGsAAAAA+w==","count":1},{"data":"AUx1Y2t5IHBh/3NzZW5nZXJz/yBrbm93LiBS/2VkIGRldGFp/2xzIHdpbGwg/25vdCBoYW5n/yBhbGl2ZSwg/2ludGVybmF0/2lvbmFsIHMA/g==","count":1},{"data":"AVBhcnRpY3Vs/2FyLCBjb21t/29uIHNlYXNv/25zIHNoYWxs/yBub3QgaW5k/2ljYXRlIGZ1/2xseSBtb3Jl/yBzaW5nbGUg/2RlY2lzaW9u/3M7IAAAAAAA+g==","count":1},{"data":"AVBoeXNpY2Fs/yB3aXRuZXNz/2VzIG1pZ2h0/yBub3QgYWdy/2VlIHJlYWxs/3kgYWxyZWFk/3kgZXhpc3Rp/25nIHByYXll/3JzLiBMb3lh/2wsIHBvc3Np/2JsZSBtAAAA/A==","count":2},{"data":"AVBvbGl0aWNh/2wgYWZmYWly/3Mgb3VnaHQg/3RvAAAAAAAA+Q==","count":1},{"data":"AVRoaW4gcm9s/2VzIHNob3Vs/2QgcnVuIHF1/2lja2x5LiBQ/2F0aWVudCBw/2FydHMgaW5j/2x1ZGUgZXZl/24gaW4gdGhl/yBsYWRpZXM7/yBvbmx5IHVu/2l0ZWQgdHJv/3VzZXIAAAAA+w==","count":1},{"data":"AVdlbGwgc2lt/2lsYXIgZGVj/2lzaW9ucyB1/3NlZCB0byBr/2VlcCBoYXJk/2x5IGRlbW9j/3JhdGljLCBw/2Vyc29uYWwg/3ByaW9yaXRp/2VzLgAAAAAA+g==","count":1}],"default_value":0},"fm_sketch":null,"null_count":0,"tot_col_size":1411,"last_update_version":437564511427231755,"correlation":-0.3743647656691135,"stats_ver":2},"web_mkt_id":{"histogram":{"ndv":6},"cm_sketch":{"top_n":[{"data":"A4AAAAAAAAAB","count":1},{"data":"A4AAAAAAAAAC","count":2},{"data":"A4AAAAAAAAAD","count":4},{"data":"A4AAAAAAAAAE","count":3},{"data":"A4AAAAAAAAAF","count":9},{"data":"A4AAAAAAAAAG","count":3}],"default_value":0},"fm_sketch":null,"null_count":0,"tot_col_size":176,"last_update_version":437564511427231755,"correlation":0.251270468661773,"stats_ver":2},"web_name":{"histogram":{"ndv":4},"cm_sketch":{"top_n":[{"data":"AXNpdGVfMAAA/Q==","count":6},{"data":"AXNpdGVfMQAA/Q==","count":6},{"data":"AXNpdGVfMgAA/Q==","count":6},{"data":"AXNpdGVfMwAA/Q==","count":4}],"default_value":0},"fm_sketch":null,"null_count":0,"tot_col_size":154,"last_update_version":437564511427231755,"correlation":1,"stats_ver":2},"web_open_date_sk":{"histogram":{"ndv":12},"cm_sketch":{"top_n":[{"data":"A4AAAAAAJWTE","count":1},{"data":"A4AAAAAAJWTV","count":2},{"data":"A4AAAAAAJWTe","count":1},{"data":"A4AAAAAAJWT3","count":3},{"data":"A4AAAAAAJWUI","count":2},{"data":"A4AAAAAAJWUR","count":1},{"data":"A4AAAAAAJWUq","count":3},{"data":"A4AAAAAAJWU7","count":2},{"data":"A4AAAAAAJWVE","count":1},{"data":"A4AAAAAAJWVd","count":3},{"data":"A4AAAAAAJWVu","count":2},{"data":"A4AAAAAAJWV3","count":1}],"default_value":0},"fm_sketch":null,"null_count":0,"tot_col_size":176,"last_update_version":437564511427231755,"correlation":-0.9819311123658949,"stats_ver":2},"web_rec_end_date":{"histogram":{"ndv":3},"cm_sketch":{"top_n":[{"data":"BBli4AAAAAAA","count":4},{"data":"BBlmHgAAAAAA","count":4},{"data":"BBlpXgAAAAAA","count":3}],"default_value":0},"fm_sketch":null,"null_count":11,"tot_col_size":88,"last_update_version":437564511427231755,"correlation":3.2636363636363637,"stats_ver":2},"web_rec_start_date":{"histogram":{"ndv":4},"cm_sketch":{"top_n":[{"data":"BBlcYAAAAAAA","count":12},{"data":"BBli4gAAAAAA","count":3},{"data":"BBlmIAAAAAAA","count":4},{"data":"BBlpYAAAAAAA","count":3}],"default_value":0},"fm_sketch":null,"null_count":0,"tot_col_size":176,"last_update_version":437564511427231755,"correlation":0.4161490683229814,"stats_ver":2},"web_site_id":{"histogram":{"ndv":12},"cm_sketch":{"top_n":[{"data":"AUFBQUFBQUFB/0FCQUFBQUFB/wAAAAAAAAAA9w==","count":3},{"data":"AUFBQUFBQUFB/0JBQUFBQUFB/wAAAAAAAAAA9w==","count":1},{"data":"AUFBQUFBQUFB/0NBQUFBQUFB/wAAAAAAAAAA9w==","count":2},{"data":"AUFBQUFBQUFB/0RCQUFBQUFB/wAAAAAAAAAA9w==","count":1},{"data":"AUFBQUFBQUFB/0VBQUFBQUFB/wAAAAAAAAAA9w==","count":3},{"data":"AUFBQUFBQUFB/0VCQUFBQUFB/wAAAAAAAAAA9w==","count":2},{"data":"AUFBQUFBQUFB/0dCQUFBQUFB/wAAAAAAAAAA9w==","count":1},{"data":"AUFBQUFBQUFB/0hBQUFBQUFB/wAAAAAAAAAA9w==","count":1},{"data":"AUFBQUFBQUFB/0lBQUFBQUFB/wAAAAAAAAAA9w==","count":2},{"data":"AUFBQUFBQUFB/0tBQUFBQUFB/wAAAAAAAAAA9w==","count":3},{"data":"AUFBQUFBQUFB/05BQUFBQUFB/wAAAAAAAAAA9w==","count":1},{"data":"AUFBQUFBQUFB/09BQUFBQUFB/wAAAAAAAAAA9w==","count":2}],"default_value":0},"fm_sketch":null,"null_count":0,"tot_col_size":374,"last_update_version":437564511427231755,"correlation":0.10897797854319594,"stats_ver":2},"web_site_sk":{"histogram":{"ndv":22},"cm_sketch":{"top_n":[{"data":"A4AAAAAAAAAB","count":1},{"data":"A4AAAAAAAAAC","count":1},{"data":"A4AAAAAAAAAD","count":1},{"data":"A4AAAAAAAAAE","count":1},{"data":"A4AAAAAAAAAF","count":1},{"data":"A4AAAAAAAAAG","count":1},{"data":"A4AAAAAAAAAH","count":1},{"data":"A4AAAAAAAAAI","count":1},{"data":"A4AAAAAAAAAJ","count":1},{"data":"A4AAAAAAAAAK","count":1},{"data":"A4AAAAAAAAAL","count":1},{"data":"A4AAAAAAAAAM","count":1},{"data":"A4AAAAAAAAAN","count":1},{"data":"A4AAAAAAAAAO","count":1},{"data":"A4AAAAAAAAAP","count":1},{"data":"A4AAAAAAAAAQ","count":1},{"data":"A4AAAAAAAAAR","count":1},{"data":"A4AAAAAAAAAS","count":1},{"data":"A4AAAAAAAAAT","count":1},{"data":"A4AAAAAAAAAU","count":1},{"data":"A4AAAAAAAAAV","count":1},{"data":"A4AAAAAAAAAW","count":1}],"default_value":0},"fm_sketch":null,"null_count":0,"tot_col_size":176,"last_update_version":437564511427231755,"correlation":1,"stats_ver":2},"web_state":{"histogram":{"ndv":3},"cm_sketch":{"top_n":[{"data":"AUFMAAAAAAAA+Q==","count":9},{"data":"AVNEAAAAAAAA+Q==","count":8},{"data":"AVROAAAAAAAA+Q==","count":5}],"default_value":0},"fm_sketch":null,"null_count":0,"tot_col_size":66,"last_update_version":437564511427231755,"correlation":0.18012422360248448,"stats_ver":2},"web_street_name":{"histogram":{"ndv":22},"cm_sketch":{"top_n":[{"data":"ATExdGggAAAA/A==","count":1},{"data":"ATFzdCBNYXBs/2UAAAAAAAAA+A==","count":1},{"data":"ATJuZCAAAAAA+w==","count":1},{"data":"ATJuZCAzcmQA/g==","count":1},{"data":"ATd0aCAAAAAA+w==","count":1},{"data":"AUJyb2Fkd2F5/yBTb3V0aAAA/Q==","count":1},{"data":"AUNlZGFyIAAA/Q==","count":1},{"data":"AUNlbnRyYWwg/wAAAAAAAAAA9w==","count":1},{"data":"AUNoZXJyeSBN/2FpbgAAAAAA+g==","count":1},{"data":"AURvZ3dvb2Qg/1N1bnNldAAA/Q==","count":1},{"data":"AUVsZXZudGgg/1RoaXJkAAAA/A==","count":1},{"data":"AUhpY2tvcnkg/zNyZAAAAAAA+g==","count":1},{"data":"AUhpbGwgNXRo/wAAAAAAAAAA9w==","count":1},{"data":"AUhpbGwgSGls/2wAAAAAAAAA+A==","count":1},{"data":"AUxha2UgAAAA/A==","count":1},{"data":"AUxpbmNvbG4g/wAAAAAAAAAA9w==","count":1},{"data":"AVJpZGdlIFdp/2xzb24AAAAA+w==","count":1},{"data":"AVJpdmVyIAAA/Q==","count":1},{"data":"AVN5Y2Ftb3Jl/yAAAAAAAAAA+A==","count":1},{"data":"AVdhc2hpbmd0/29uIAAAAAAA+g==","count":1},{"data":"AVdlc3QgQ2Vk/2FyAAAAAAAA+Q==","count":1},{"data":"AVdpbHNvbiBS/2lkZ2UAAAAA+w==","count":1}],"default_value":0},"fm_sketch":null,"null_count":0,"tot_col_size":218,"last_update_version":437564511427231755,"correlation":0.04912478825522304,"stats_ver":2},"web_street_number":{"histogram":{"ndv":14},"cm_sketch":{"top_n":[{"data":"ATE4NAAAAAAA+g==","count":1},{"data":"ATI5MgAAAAAA+g==","count":1},{"data":"ATM1OAAAAAAA+g==","count":1},{"data":"ATQwOQAAAAAA+g==","count":3},{"data":"ATUxAAAAAAAA+Q==","count":1},{"data":"ATYzAAAAAAAA+Q==","count":1},{"data":"ATc1MwAAAAAA+g==","count":1},{"data":"ATc4NAAAAAAA+g==","count":1},{"data":"ATgwNQAAAAAA+g==","count":2},{"data":"ATgyOAAAAAAA+g==","count":2},{"data":"ATgzNQAAAAAA+g==","count":2},{"data":"ATg0MQAAAAAA+g==","count":3},{"data":"ATg4NwAAAAAA+g==","count":2},{"data":"ATk3MwAAAAAA+g==","count":1}],"default_value":0},"fm_sketch":null,"null_count":0,"tot_col_size":86,"last_update_version":437564511427231755,"correlation":0.22755505364201017,"stats_ver":2},"web_street_type":{"histogram":{"ndv":13},"cm_sketch":{"top_n":[{"data":"AUF2ZW51ZQAA/Q==","count":1},{"data":"AUJsdmQAAAAA+w==","count":2},{"data":"AUJvdWxldmFy/2QAAAAAAAAA+A==","count":1},{"data":"AUNpci4AAAAA+w==","count":2},{"data":"AUN0LgAAAAAA+g==","count":2},{"data":"AURyLgAAAAAA+g==","count":2},{"data":"AURyaXZlAAAA/A==","count":1},{"data":"AUxuAAAAAAAA+Q==","count":1},{"data":"AVBhcmt3YXkA/g==","count":2},{"data":"AVBrd3kAAAAA+w==","count":2},{"data":"AVJvYWQAAAAA+w==","count":2},{"data":"AVdheQAAAAAA+g==","count":1},{"data":"AVd5AAAAAAAA+Q==","count":3}],"default_value":0},"fm_sketch":null,"null_count":0,"tot_col_size":111,"last_update_version":437564511427231755,"correlation":0.32919254658385094,"stats_ver":2},"web_suite_number":{"histogram":{"ndv":18},"cm_sketch":{"top_n":[{"data":"AVN1aXRlIDEz/zAAAAAAAAAA+A==","count":1},{"data":"AVN1aXRlIDE1/zAAAAAAAAAA+A==","count":1},{"data":"AVN1aXRlIDIw/wAAAAAAAAAA9w==","count":1},{"data":"AVN1aXRlIDIx/zAAAAAAAAAA+A==","count":1},{"data":"AVN1aXRlIDI2/zAAAAAAAAAA+A==","count":1},{"data":"AVN1aXRlIDI4/zAAAAAAAAAA+A==","count":1},{"data":"AVN1aXRlIDMw/wAAAAAAAAAA9w==","count":1},{"data":"AVN1aXRlIDMz/zAAAAAAAAAA+A==","count":1},{"data":"AVN1aXRlIDM1/zAAAAAAAAAA+A==","count":1},{"data":"AVN1aXRlIDM3/zAAAAAAAAAA+A==","count":1},{"data":"AVN1aXRlIDM5/zAAAAAAAAAA+A==","count":1},{"data":"AVN1aXRlIDQ1/zAAAAAAAAAA+A==","count":1},{"data":"AVN1aXRlIDQ3/zAAAAAAAAAA+A==","count":1},{"data":"AVN1aXRlIEQA/g==","count":3},{"data":"AVN1aXRlIEoA/g==","count":1},{"data":"AVN1aXRlIFEA/g==","count":1},{"data":"AVN1aXRlIFIA/g==","count":3},{"data":"AVN1aXRlIFUA/g==","count":1}],"default_value":0},"fm_sketch":null,"null_count":0,"tot_col_size":200,"last_update_version":437564511427231755,"correlation":0.11236589497459062,"stats_ver":2},"web_tax_percentage":{"histogram":{"ndv":8},"cm_sketch":{"top_n":[{"data":"BgUCgAAA","count":1},{"data":"BgUCgAAB","count":1},{"data":"BgUCgAAC","count":1},{"data":"BgUCgAAE","count":4},{"data":"BgUCgAAH","count":9},{"data":"BgUCgAAI","count":4},{"data":"BgUCgAAK","count":1},{"data":"BgUCgAAM","count":1}],"default_value":0},"fm_sketch":null,"null_count":0,"tot_col_size":110,"last_update_version":437564511427231755,"correlation":-0.19254658385093168,"stats_ver":2},"web_zip":{"histogram":{"ndv":11},"cm_sketch":{"top_n":[{"data":"ATMxOTA0AAAA/A==","count":3},{"data":"ATMxOTMzAAAA/A==","count":3},{"data":"ATMzNjA0AAAA/A==","count":1},{"data":"ATM2MDk4AAAA/A==","count":1},{"data":"ATM4MzcwAAAA/A==","count":3},{"data":"ATM5MjMxAAAA/A==","count":3},{"data":"ATUxOTA0AAAA/A==","count":1},{"data":"ATUxOTMzAAAA/A==","count":3},{"data":"ATUzNjA0AAAA/A==","count":1},{"data":"ATU1NzA5AAAA/A==","count":1},{"data":"ATU4MzcwAAAA/A==","count":2}],"default_value":0},"fm_sketch":null,"null_count":0,"tot_col_size":132,"last_update_version":437564511427231755,"correlation":0.20609824957651043,"stats_ver":2}},"indices":{},"ext_stats":null,"count":22,"modify_count":0,"partitions":null}