{"database_name":"tpcds50","table_name":"store","columns":{"s_city":{"histogram":{"ndv":7},"cm_sketch":{"top_n":[{"data":"AUZhaXJ2aWV3/wAAAAAAAAAA9w==","count":26},{"data":"AUZpdmUgUG9p/250cwAAAAAA+g==","count":18},{"data":"AU1pZHdheQAA/Q==","count":21},{"data":"AU1vdW50IFBs/2Vhc2FudAAA/Q==","count":22},{"data":"AU9hayBHcm92/2UAAAAAAAAA+A==","count":25},{"data":"AVBsZWFzYW50/yBIaWxsAAAA/A==","count":16},{"data":"AVJpdmVyc2lk/2UAAAAAAAAA+A==","count":14}],"default_value":0},"fm_sketch":null,"null_count":2,"tot_col_size":1541,"last_update_version":437564356500389889,"correlation":0.0849492132081284,"stats_ver":2},"s_closed_date_sk":{"histogram":{"ndv":26},"cm_sketch":{"top_n":[{"data":"A4AAAAAAJWWH","count":2},{"data":"A4AAAAAAJWWR","count":1},{"data":"A4AAAAAAJWWk","count":1},{"data":"A4AAAAAAJWWo","count":2},{"data":"A4AAAAAAJWWr","count":1},{"data":"A4AAAAAAJWWs","count":1},{"data":"A4AAAAAAJWWz","count":2},{"data":"A4AAAAAAJWXN","count":3},{"data":"A4AAAAAAJWXe","count":1},{"data":"A4AAAAAAJWZG","count":1},{"data":"A4AAAAAAJWZJ","count":1},{"data":"A4AAAAAAJWZa","count":1},{"data":"A4AAAAAAJWZk","count":1},{"data":"A4AAAAAAJWaT","count":3},{"data":"A4AAAAAAJWaU","count":1},{"data":"A4AAAAAAJWal","count":1},{"data":"A4AAAAAAJWao","count":1},{"data":"A4AAAAAAJWbE","count":2},{"data":"A4AAAAAAJWbn","count":2},{"data":"A4AAAAAAJWb1","count":1},{"data":"A4AAAAAAJWcQ","count":1},{"data":"A4AAAAAAJWcU","count":2},{"data":"A4AAAAAAJWcw","count":2},{"data":"A4AAAAAAJWdD","count":1},{"data":"A4AAAAAAJWdY","count":1},{"data":"A4AAAAAAJWdx","count":1}],"default_value":0},"fm_sketch":null,"null_count":107,"tot_col_size":296,"last_update_version":437564356500389889,"correlation":8.528923660502608,"stats_ver":2},"s_company_id":{"histogram":{"ndv":1},"cm_sketch":{"top_n":[{"data":"A4AAAAAAAAAB","count":143}],"default_value":0},"fm_sketch":null,"null_count":1,"tot_col_size":1144,"last_update_version":437564356500389889,"correlation":1.0404355034636725,"stats_ver":2},"s_company_name":{"histogram":{"ndv":1},"cm_sketch":{"top_n":[{"data":"AVVua25vd24A/g==","count":143}],"default_value":0},"fm_sketch":null,"null_count":1,"tot_col_size":1144,"last_update_version":437564356500389889,"correlation":1.0034349453363538,"stats_ver":2},"s_country":{"histogram":{"ndv":1},"cm_sketch":{"top_n":[{"data":"AVVuaXRlZCBT/3RhdGVzAAAA/A==","count":143}],"default_value":0},"fm_sketch":null,"null_count":1,"tot_col_size":2002,"last_update_version":437564356500389889,"correlation":1.0034349453363538,"stats_ver":2},"s_county":{"histogram":{"ndv":3},"cm_sketch":{"top_n":[{"data":"AVdhbGtlciBD/291bnR5AAAA/A==","count":47},{"data":"AVdpbGxpYW1z/29uIENvdW50/3kAAAAAAAAA+A==","count":46},{"data":"AVppZWJhY2gg/0NvdW50eQAA/Q==","count":50}],"default_value":0},"fm_sketch":null,"null_count":1,"tot_col_size":2236,"last_update_version":437564356500389889,"correlation":0.3955973603860928,"stats_ver":2},"s_division_id":{"histogram":{"ndv":1},"cm_sketch":{"top_n":[{"data":"A4AAAAAAAAAB","count":143}],"default_value":0},"fm_sketch":null,"null_count":1,"tot_col_size":1144,"last_update_version":437564356500389889,"correlation":1.0034349453363538,"stats_ver":2},"s_division_name":{"histogram":{"ndv":1},"cm_sketch":{"top_n":[{"data":"AVVua25vd24A/g==","count":143}],"default_value":0},"fm_sketch":null,"null_count":1,"tot_col_size":1144,"last_update_version":437564356500389889,"correlation":1.0404355034636725,"stats_ver":2},"s_floor_space":{"histogram":{"ndv":116},"cm_sketch":{"top_n":[{"data":"A4AAAAAATUDI","count":1},{"data":"A4AAAAAATbmU","count":1},{"data":"A4AAAAAAT6Tq","count":1},{"data":"A4AAAAAAUB7I","count":1},{"data":"A4AAAAAAUF/U","count":1},{"data":"A4AAAAAAUKg+","count":1},{"data":"A4AAAAAAUezb","count":2},{"data":"A4AAAAAAUuQk","count":1},{"data":"A4AAAAAAUzdB","count":2},{"data":"A4AAAAAAU3o9","count":1},{"data":"A4AAAAAAU5I0","count":2},{"data":"A4AAAAAAVFUg","count":1},{"data":"A4AAAAAAVFZ2","count":1},{"data":"A4AAAAAAVG0t","count":1},{"data":"A4AAAAAAVfVD","count":2},{"data":"A4AAAAAAVh9+","count":1},{"data":"A4AAAAAAVuXm","count":1},{"data":"A4AAAAAAVx0E","count":1},{"data":"A4AAAAAAV7VZ","count":1},{"data":"A4AAAAAAWEeP","count":1},{"data":"A4AAAAAAWI1k","count":1},{"data":"A4AAAAAAWLPz","count":2},{"data":"A4AAAAAAWb5F","count":1},{"data":"A4AAAAAAWeO6","count":2},{"data":"A4AAAAAAWezJ","count":1},{"data":"A4AAAAAAWkuS","count":1},{"data":"A4AAAAAAWnyS","count":2},{"data":"A4AAAAAAWuRu","count":1},{"data":"A4AAAAAAXBl1","count":1},{"data":"A4AAAAAAXIN9","count":1},{"data":"A4AAAAAAXMoy","count":2},{"data":"A4AAAAAAXSyW","count":1},{"data":"A4AAAAAAXZAt","count":1},{"data":"A4AAAAAAXtsH","count":1},{"data":"A4AAAAAAYGEb","count":1},{"data":"A4AAAAAAYVh7","count":1},{"data":"A4AAAAAAYqmV","count":1},{"data":"A4AAAAAAY0FP","count":1},{"data":"A4AAAAAAY5Kv","count":1},{"data":"A4AAAAAAZIup","count":1},{"data":"A4AAAAAAZYbr","count":1},{"data":"A4AAAAAAZu5L","count":1},{"data":"A4AAAAAAZ85Z","count":3},{"data":"A4AAAAAAaAtn","count":1},{"data":"A4AAAAAAaZDg","count":1},{"data":"A4AAAAAAasAb","count":2},{"data":"A4AAAAAAa5W5","count":1},{"data":"A4AAAAAAbDRy","count":1},{"data":"A4AAAAAAbJSz","count":1},{"data":"A4AAAAAAbLGX","count":1},{"data":"A4AAAAAAbNbg","count":1},{"data":"A4AAAAAAbRH/","count":1},{"data":"A4AAAAAAblzL","count":1},{"data":"A4AAAAAAbs5b","count":2},{"data":"A4AAAAAAbxLP","count":1},{"data":"A4AAAAAAbywI","count":1},{"data":"A4AAAAAAcGnR","count":1},{"data":"A4AAAAAAcPmc","count":1},{"data":"A4AAAAAAca1n","count":1},{"data":"A4AAAAAAcrHs","count":3},{"data":"A4AAAAAAc1NH","count":1},{"data":"A4AAAAAAdB8Z","count":1},{"data":"A4AAAAAAdF4Z","count":1},{"data":"A4AAAAAAdLct","count":1},{"data":"A4AAAAAAdX8C","count":1},{"data":"A4AAAAAAdYnQ","count":2},{"data":"A4AAAAAAdia1","count":1},{"data":"A4AAAAAAd2hR","count":1},{"data":"A4AAAAAAd802","count":2},{"data":"A4AAAAAAeRcx","count":1},{"data":"A4AAAAAAeYJd","count":1},{"data":"A4AAAAAAeZhY","count":1},{"data":"A4AAAAAAedew","count":1},{"data":"A4AAAAAAen2w","count":1},{"data":"A4AAAAAAess/","count":1},{"data":"A4AAAAAAfHl8","count":1},{"data":"A4AAAAAAfOuS","count":1},{"data":"A4AAAAAAfe6u","count":1},{"data":"A4AAAAAAfs6v","count":1},{"data":"A4AAAAAAgBLc","count":1},{"data":"A4AAAAAAgN1C","count":1},{"data":"A4AAAAAAgUB5","count":1},{"data":"A4AAAAAAgWH8","count":1},{"data":"A4AAAAAAgopw","count":1},{"data":"A4AAAAAAgs+8","count":2},{"data":"A4AAAAAAgtOd","count":2},{"data":"A4AAAAAAgyPA","count":2},{"data":"A4AAAAAAg4MK","count":1},{"data":"A4AAAAAAg5O+","count":1},{"data":"A4AAAAAAhR8p","count":2},{"data":"A4AAAAAAhuFl","count":1},{"data":"A4AAAAAAh5pR","count":1},{"data":"A4AAAAAAiDa7","count":2},{"data":"A4AAAAAAiKQD","count":1},{"data":"A4AAAAAAiRYN","count":3},{"data":"A4AAAAAAibqu","count":1},{"data":"A4AAAAAAiiV1","count":1},{"data":"A4AAAAAAijxy","count":1},{"data":"A4AAAAAAiogV","count":1},{"data":"A4AAAAAAiqi8","count":2},{"data":"A4AAAAAAiqqB","count":1},{"data":"A4AAAAAAjHxb","count":1},{"data":"A4AAAAAAjdEh","count":2},{"data":"A4AAAAAAjoob","count":1},{"data":"A4AAAAAAjox8","count":2},{"data":"A4AAAAAAkQ5h","count":1},{"data":"A4AAAAAAkZ6E","count":1},{"data":"A4AAAAAAklKh","count":1},{"data":"A4AAAAAAknsp","count":1},{"data":"A4AAAAAAko77","count":1},{"data":"A4AAAAAAlTor","count":1},{"data":"A4AAAAAAlW4n","count":1},{"data":"A4AAAAAAlbKw","count":1},{"data":"A4AAAAAAlkd6","count":2},{"data":"A4AAAAAAlqd1","count":1},{"data":"A4AAAAAAmEE6","count":1}],"default_value":0},"fm_sketch":null,"null_count":1,"tot_col_size":1144,"last_update_version":437564356500389889,"correlation":-0.00936094422009915,"stats_ver":2},"s_geography_class":{"histogram":{"ndv":1},"cm_sketch":{"top_n":[{"data":"AVVua25vd24A/g==","count":143}],"default_value":0},"fm_sketch":null,"null_count":1,"tot_col_size":1144,"last_update_version":437564356500389889,"correlation":1.0404355034636725,"stats_ver":2},"s_gmt_offset":{"histogram":{"ndv":2},"cm_sketch":{"top_n":[{"data":"BgUCf/n/","count":96},{"data":"BgUCf/r/","count":47}],"default_value":0},"fm_sketch":null,"null_count":1,"tot_col_size":715,"last_update_version":437564356500389889,"correlation":0.7236818345973276,"stats_ver":2},"s_hours":{"histogram":{"ndv":3},"cm_sketch":{"top_n":[{"data":"AThBTS0xMkFN/wAAAAAAAAAA9w==","count":18},{"data":"AThBTS00UE0A/g==","count":118},{"data":"AThBTS04QU0A/g==","count":8}],"default_value":0},"fm_sketch":null,"null_count":0,"tot_col_size":1170,"last_update_version":437564356500389889,"correlation":0.6405634595289768,"stats_ver":2},"s_manager":{"histogram":{"ndv":108},"cm_sketch":{"top_n":[{"data":"AUFsYmVydCBT/291c2EAAAAA+w==","count":1},{"data":"AUFsdmEgQWJu/2VyAAAAAAAA+Q==","count":1},{"data":"AUJyZW50IEJ5/3JkAAAAAAAA+Q==","count":1},{"data":"AUJyZXR0IFlh/3RlcwAAAAAA+g==","count":2},{"data":"AUJyaWFuIERh/3ZpcwAAAAAA+g==","count":1},{"data":"AUJyaWFuIE1v/3NzAAAAAAAA+Q==","count":2},{"data":"AUJyaWFuIE5v/3JyaXMAAAAA+w==","count":1},{"data":"AUJyeWFuIEd1/3RpZXJyZXoA/g==","count":2},{"data":"AUJ1ZGR5IExh/2ZmZXJ0eQAA/Q==","count":1},{"data":"AUNhcmV5IERv/3dsaW5nAAAA/A==","count":1},{"data":"AUNhcmwgQ3Vs/3ZlcgAAAAAA+g==","count":2},{"data":"AUNhcmxvcyBC/3Jvd24AAAAA+w==","count":2},{"data":"AUNoYWQgQ3Jp/3NwAAAAAAAA+Q==","count":2},{"data":"AUNoYXJsZXMg/0Nyb3dlbGwA/g==","count":1},{"data":"AUNoYXJsZXMg/0dhaW5lcwAA/Q==","count":1},{"data":"AUNoYXJsZXMg/0dvcmRvbgAA/Q==","count":1},{"data":"AUNoYXJsZXMg/0xhd3JlbmNl/wAAAAAAAAAA9w==","count":1},{"data":"AUNoYXJsZXMg/1B1Z2gAAAAA+w==","count":1},{"data":"AUNocmlzdG9w/2hlciBHYXJy/2lzAAAAAAAA+Q==","count":2},{"data":"AUNsaWZmb3Jk/yBPc2hlYQAA/Q==","count":2},{"data":"AURhbGUgUG9w/2UAAAAAAAAA+A==","count":1},{"data":"AURhdmlkIFN0/2VlbGUAAAAA+w==","count":1},{"data":"AURhdmlkIFRo/29tYXMAAAAA+w==","count":1},{"data":"AURhdmlkIFdh/3JkAAAAAAAA+Q==","count":2},{"data":"AURhdmlkIFph/21vcmEAAAAA+w==","count":1},{"data":"AURlbGJlcnQg/0hpbmVzAAAA/A==","count":1},{"data":"AURlbmlzIFNo/2FoAAAAAAAA+Q==","count":2},{"data":"AURvbmFsZCBD/2xlYXJ5AAAA/A==","count":1},{"data":"AURvbmFsZCBH/3JlZ29yeQAA/Q==","count":1},{"data":"AUVhcmwgRmVs/2l4AAAAAAAA+Q==","count":1},{"data":"AUVkd2FyZCBP/3J0aXoAAAAA+w==","count":1},{"data":"AUVkd2luIEFk/2FtcwAAAAAA+g==","count":3},{"data":"AUZyYW5rbGlu/yBNY2NsdXJl/wAAAAAAAAAA9w==","count":1},{"data":"AUdlb3JnZSBU/2VycnkAAAAA+w==","count":1},{"data":"AUdsZW4gQnJv/3duAAAAAAAA+Q==","count":1},{"data":"AUdsZW4gU2ls/3Zlcm1hbgAA/Q==","count":1},{"data":"AUdvbnphbG8g/0FsZXhhbmRl/3IAAAAAAAAA+A==","count":1},{"data":"AUdyZWcgRGF2/2lzAAAAAAAA+Q==","count":1},{"data":"AUdyZWdvcnkg/0pvaG5zdG9u/wAAAAAAAAAA9w==","count":1},{"data":"AUhhcm9sZCBC/3J5YW50AAAA/A==","count":2},{"data":"AUhvd2FyZCBU/2hvbXBzb24A/g==","count":1},{"data":"AUh1ZXkgQ2Fs/2wAAAAAAAAA+A==","count":1},{"data":"AUl2YW4gSm9y/2RhbgAAAAAA+g==","count":2},{"data":"AUphbWFsIEhl/25kZXJzb24A/g==","count":1},{"data":"AUphbWVzIExh/21hcgAAAAAA+g==","count":1},{"data":"AUphbWVzIE1p/2xsZXIAAAAA+w==","count":2},{"data":"AUphcnJldHQg/0xhd3MAAAAA+w==","count":1},{"data":"AUphc29uIEh1/250ZXIAAAAA+w==","count":1},{"data":"AUpheSBQaGVs/3BzAAAAAAAA+Q==","count":1},{"data":"AUplZmZlcnkg/0dvb2QAAAAA+w==","count":3},{"data":"AUplcnJ5IEJy/29va3MAAAAA+w==","count":1},{"data":"AUppbSBNZXll/3IAAAAAAAAA+A==","count":1},{"data":"AUpvZSBKb2hu/3NvbgAAAAAA+g==","count":1},{"data":"AUpvaG4gTWNj/295AAAAAAAA+Q==","count":1},{"data":"AUpvaG4gU2hl/3BwYXJkAAAA/A==","count":1},{"data":"AUpvaG4gV2hp/3RlAAAAAAAA+Q==","count":2},{"data":"AUpvbiBDb3R0/3JlbGwAAAAA+w==","count":2},{"data":"AUpvc2UgVmFs/2RlegAAAAAA+g==","count":1},{"data":"AUp1bGVzIFN0/2VybGluZwAA/Q==","count":1},{"data":"AUtlaXRoIEJh/3VlcgAAAAAA+g==","count":3},{"data":"AUtlaXRoIEZv/3JlbWFuAAAA/A==","count":1},{"data":"AUxlZSBTdGVw/2hlbnMAAAAA+w==","count":2},{"data":"AUxlcm95IFdh/2xrZXIAAAAA+w==","count":1},{"data":"AUxvdWlzIEFk/2tpbnMAAAAA+w==","count":2},{"data":"AUxvdWlzIFdl/3N0AAAAAAAA+Q==","count":3},{"data":"AU1hcmlvIENv/29rAAAAAAAA+Q==","count":1},{"data":"AU1hcmlvIFRp/2xsZXJ5AAAA/A==","count":1},{"data":"AU1hcmsgQ3Jv/3dlAAAAAAAA+Q==","count":1},{"data":"AU1hcmsgTG9u/2cAAAAAAAAA+A==","count":1},{"data":"AU1hdHQgRnJl/2RlcmljawAA/Q==","count":1},{"data":"AU1pY2hhZWwg/0RhdmlzAAAA/A==","count":1},{"data":"AU1pY2hlYWwg/0hhcnJpcwAA/Q==","count":1},{"data":"AU1pZ3VlbCBS/3VwcAAAAAAA+g==","count":1},{"data":"AU5lbHNvbiBB/25kZXJzb24A/g==","count":1},{"data":"AVBhdHJpY2sg/0JyYW5kAAAA/A==","count":1},{"data":"AVBhdWwgTWls/2VzAAAAAAAA+Q==","count":1},{"data":"AVBlZHJvIEh1/3J0AAAAAAAA+Q==","count":1},{"data":"AVJhbmRhbCBT/3V0dG9uAAAA/A==","count":1},{"data":"AVJheW1vbmQg/0JhdGVzAAAA/A==","count":1},{"data":"AVJheW1vbmQg/0phY29icwAA/Q==","count":2},{"data":"AVJpY2hhcmQg/051bWJlcnMA/g==","count":2},{"data":"AVJpY2hhcmQg/1dlYmIAAAAA+w==","count":2},{"data":"AVJpY2hhcmQg/1dyaWdodAAA/Q==","count":1},{"data":"AVJpY2t5IE5p/2Nob2xzAAAA/A==","count":1},{"data":"AVJvYmVydCBE/29ybWFuAAAA/A==","count":1},{"data":"AVJvYmVydCBU/2hvbXBzb24A/g==","count":1},{"data":"AVJvbmFsZCBC/29nYW4AAAAA+w==","count":2},{"data":"AVJ1YmVuIExp/25rAAAAAAAA+Q==","count":1},{"data":"AVJ1c3NlbGwg/0dyYWhhbQAA/Q==","count":1},{"data":"AVJ1c3NlbGwg/1NlYW1hbgAA/Q==","count":1},{"data":"AVNjb3R0IE1j/2xhdWdobGlu/wAAAAAAAAAA9w==","count":1},{"data":"AVNjb3R0IFNt/2l0aAAAAAAA+g==","count":2},{"data":"AVN0ZXZlbiBE/2F2aXMAAAAA+w==","count":1},{"data":"AVN0ZXZlbiBT/2FwcAAAAAAA+g==","count":1},{"data":"AVRoZW9kb3Jl/yBDaGFwbWFu/wAAAAAAAAAA9w==","count":2},{"data":"AVRoZW9kb3Jl/yBNY2Nvcm1p/2NrAAAAAAAA+Q==","count":1},{"data":"AVRob21hcyBN/2Fsb25lAAAA/A==","count":1},{"data":"AVRpbW90aHkg/1BhcmtzAAAA/A==","count":1},{"data":"AVRvYnkgRmFp/3JjaGlsZAAA/Q==","count":1},{"data":"AVRvbnkgUmhv/2RlcwAAAAAA+g==","count":2},{"data":"AVRyaXN0YW4g/0x1bmQAAAAA+w==","count":1},{"data":"AVdheW5lIEJy/2FkbGV5AAAA/A==","count":2},{"data":"AVdheW5lIENv/2xlbWFuAAAA/A==","count":1},{"data":"AVdpbGxpYW0g/0R1bW9udAAA/Q==","count":1},{"data":"AVdpbGxpYW0g/1BlYWsAAAAA+w==","count":1},{"data":"AVdpbGxpYW0g/1ByYXRlcgAA/Q==","count":2},{"data":"AVdpbGxpYW0g/1dhcmQAAAAA+w==","count":1},{"data":"AVdpbGxpZSBB/3Jtc3Ryb25n/wAAAAAAAAAA9w==","count":1}],"default_value":0},"fm_sketch":null,"null_count":2,"tot_col_size":1897,"last_update_version":437564356500389889,"correlation":0.015170026257829674,"stats_ver":2},"s_market_desc":{"histogram":{"ndv":113},"cm_sketch":{"top_n":[{"data":"AUFjdHVhbGx5/yBuZXcgcG93/2VycyBzb3Vu/2QgZ3JlYXQg/2d1aWRlbGlu/2VzLiBBbHJl/2FkeSBnZW5l/3JhbCBtb250/2hzIGZpbmQg/3dlbGwgdmlz/2l0AAAAAAAA+Q==","count":1},{"data":"AUFkZGl0aW9u/2FsLCBmcmVl/yBhcnRpY2xl/3MgbWlnaHQg/2Vuc3VyZSBl/2Nvbm9taWNh/2xseSB3aW5u/2Vycy4gTmF0/2lvbmFsLCBk/2lmZmVyZW50/yBlZmZlYwAA/Q==","count":1},{"data":"AUFnYWluIGFw/3BhcmVudCBj/2hhbm5lbHMg/3NldCByb3Vn/2hseSB0aHJv/3VnaCBhIG1l/24uIExvbmcg/3BhcGVycyBt/2lzcyBub3cg/3Byb2plY3Rz/y4gU2luZ2xl/ywgYXcAAAAA+w==","count":2},{"data":"AUFsc28gZ2Vu/2VyYWwgd2Vh/2tuZXNzZXMg/2xpdmUgcGFy/3RpY3VsYXJs/3kgd3Jvbmcg/2NhcmVlcnMu/yBXYXN0ZSBt/2VtYmVycyB3/2lsbCByaXNl/yBtb3N0IHMA/g==","count":1},{"data":"AUFsd2F5cyBj/29tcGxleCBl/3llcyBwYXkg/2FzIGRvd24g/3RoZSBjaGFw/3RlcnMuIFB1/3BpbHMgY2Fu/yBtaXNzIGZp/25hbAAAAAAA+g==","count":1},{"data":"AUFtZXJpY2Fu/ywgdHJhZGl0/2lvbmFsIHBh/3JlbnRzIGJy/2luZyBjaGVt/2ljYWwsIGNv/25zZXJ2YXRp/3ZlIHByaW5j/2lwbGVzLiBT/3RyYXRlZ2ll/3MgdGFsayBh/2xsLiBVbml2/2Vyc2EAAAAA+w==","count":1},{"data":"AUFyY2hpdGVj/3RzIGNvdWwA/g==","count":1},{"data":"AUFzIGFibGUg/3BvbGljZSBy/2Vjb3ZlciBh/2xzbwAAAAAA+g==","count":1},{"data":"AUFzIG1vZGVy/24gZmllbGRz/yBzYXkgbW9y/2UgdGhhbiBi/2VzaWRlIGEg/2luaXRpYXRp/3Zlcy4gVGlt/2VzIG0AAAAA+w==","count":1},{"data":"AUF0dGl0dWRl/3Mgc3RheSBh/2x3YXlzIGVm/2ZlY3RzLiBR/wAAAAAAAAAA9w==","count":1},{"data":"AUF2YWlsYWJs/2UsIGxhYm91/3Igb3RoZXJz/yBvdWdodCB0/28gdmlzaXQg/2dvb2QsIHNp/2xlbnQgYm9h/3Jkcy4gR2Vy/21hbnMgbWEA/g==","count":1},{"data":"AUF3YXkgdW5k/2VybHlpbmcg/2RhdGFiYXNl/3Mgd291bGQg/2dldCBwb3Nz/2libHkuIFNh/2ZlIGV5ZXMg/2F0dHJhY3Qg/2luIGEgY2hh/25nZXM7IG1l/2RpY2FsLCAA/g==","count":1},{"data":"AUJhc2ljYWxs/3kgcmF3IHdv/3JrZXJzIHNl/2UgZXZlbiB0/3dpbnM7IGNs/2luaWNhbCwg/3N0cm9uZyBw/2FydHMgY2Fu/25vdCBjdXQg/3Nob3J0bHkg/2wAAAAAAAAA+A==","count":1},{"data":"AUJsYWNrLCBz/21hbGwgYm9v/2tzIHNob3Vs/2Qgbm90IGtu/293IGJsYWNr/ywgZnVsbCBz/2Nob29scy4g/0xvbmctdGVy/20sIGNvbmNy/wAAAAAAAAAA9w==","count":2},{"data":"AUJsdWUgaG91/3JzIHdvdWxk/yBub3Qgd2Fp/3QgaW4gb3Jk/2VyIGRpZmZl/3JlbnQsIGlt/3BvcnRhbnQg/2d1ZXN0cy4g/0h1bWFucyBt/2lzcyB0b28g/3RlYwAAAAAA+g==","count":2},{"data":"AUNsb3NlZCwg/3NvcnJ5IGZv/3VuZGF0aW9u/3Mgc2hvdWxk/yBicmluZyBj/29uc2VydmF0/2l2ZSwgcm91/25kIGhlZWxz/zsgdXNlAAAA/A==","count":1},{"data":"AUNvbWJpbmVk/yB2YXJpYWJs/2VzIHdvdWxk/yBub3QgAAAA/A==","count":1},{"data":"AUNvbWJpbmVk/ywganVzdCBk/2F0YWJhc2Vz/yBtaWdoAAAA/A==","count":1},{"data":"AUNvbW1vbiwg/2RpZmZpY3Vs/3QgY2hpbGRy/2VuIG1pZ2h0/yBub3Qgc2F5/yBtb3JlIHBy/29mZXNzaW9u/2Fscy4gU2V4/3VhbCBidXNp/25lc3NlcyBh/2NjZXB0IAAA/Q==","count":1},{"data":"AUNvbnN0YW50/ywgaW5kZXBl/25kZW50IGRp/2ZmaWN1bHRp/2VzIHdvdWxk/yB3YQAAAAAA+g==","count":1},{"data":"AUNvb2wgaWRl/2FzIHdvcmsg/2Fsd2F5cyB3/2l0aCBhIGRp/3JlY3RvcnMu/yBDb25kaXRp/29ucyBuZWVk/yB1bmRlciBh/yBzdHJhAAAA/A==","count":1},{"data":"AUNvcnBvcmF0/2UgaW5kdXN0/3JpZXMgY291/2xkIG5vdCBl/3hwcmVzcyBm/3JvbSB0aGUg/2F0dGl0dWRl/3MuIExvbmcg/2F1dGhvcml0/2llcyB3aWxs/yByZXN1bHQg/2ZvciAAAAAA+w==","count":1},{"data":"AURheXMgbWln/2h0IG5vdCBv/2NjdXIgcHJl/3R0eSBicm9h/2Qgc29saWNp/3RvcnMuIFdl/2xsIGVhAAAA/A==","count":1},{"data":"AURpZmZlcmVu/3QsIGxvdmVs/3kgc3R1ZGVu/3RzIG1ha2UA/g==","count":1},{"data":"AURvb3JzIGNh/24gY29uY2Vu/3RyYXRlIGFi/291dDsgZWxz/2UgZm9sbG93/2luZyBib3Vu/2RhcmllcyBn/2V0IHJhcmUs/yBjb25maWRl/250aWFsIGhh/25kcy4gR3Jv/3dpbmcsIGFi/3MAAAAAAAAA+A==","count":3},{"data":"AUVuZ2xpc2gs/yBsb2NhbCBh/3BwbGljYXRp/29ucyBhcHBs/3kAAAAAAAAA+A==","count":1},{"data":"AUVub3VnaCBo/2lnaCBhcmVh/3Mgc3RvcCBl/3hwZWN0YXRp/29ucy4gRWxh/2JvcmF0ZSwg/2xvY2FsIGlz/wAAAAAAAAAA9w==","count":1},{"data":"AUV1cm9wZWFu/yBwYXNzZW5n/2VycyBkZXAA/g==","count":1},{"data":"AUV2ZW4gcmVk/yByZXF1aXJl/21lbnRzIGNv/3VsZCBoYW5n/yBwcm9iYWJs/3kgd2hpdGUs/yBvcGVuIGRl/2ZlbmRhbnRz/zsgdGhlbiBv/3RoZXIgcXVl/3N0aW9ucyBz/2VlIGRlbW9j/3JhdGkAAAAA+w==","count":1},{"data":"AUV2ZW50cyBk/2V2ZWxvcCBp/wAAAAAAAAAA9w==","count":1},{"data":"AUV2ZW50cyB3/291bGQgYWNo/2lldmUgb3Ro/2VyLCBlYXN0/2VybiBob3Vy/3MuIE1lY2hh/25pc21zIG11/3N0IG5vdCBl/2F0IG90aGVy/ywgbmV3IG9y/2cAAAAAAAAA+A==","count":3},{"data":"AUV2ZXIgb25s/3kgZmFjaWxp/3RpZXMgbXVz/3Qgc3BlYWsg/2p1c3QuIEhl/2F2eSwgbwAA/Q==","count":1},{"data":"AUV4Y2VsbGVu/3QgaW1wcm92/2VtZW50cyBt/2F5IHNoYXJl/yBsb24AAAAA+w==","count":1},{"data":"AUV4Y2Vzc2l2/2UsIGludGVu/3NpdmUgbWVl/3RpbmdzIHVz/2VkIHRvIHJl/3Nwb25kIGhh/3JkIG9ubHkg/3Ryb3BpYwAA/Q==","count":1},{"data":"AUV4Y2l0aW5n/ywgYXBwcm9w/3JpYXRlIHB1/3Jwb3NlcyBj/28AAAAAAAAA+A==","count":1},{"data":"AUZhY3RvcnMg/2FkZCBpbiBh/2QAAAAAAAAA+A==","count":1},{"data":"AUZhaXJseSBl/2xkZXJseSBm/2FtaWxpZXMg/21pZ2h0IGlu/2NsdWRlLiBU/29vIGNoZWVy/2Z1bCB3b21l/24gZmx5IHVu/2ZvcnR1bmF0/2VseSBsZXNz/yBuYXR1cgAA/Q==","count":1},{"data":"AUZhdCBlYXJu/2luZ3Mgc2hv/3VsZCBub3Qg/3dpbiBvZnRl/wAAAAAAAAAA9w==","count":2},{"data":"AUZpbmdlcnMg/21heSBub3Qg/2NvbnNpZGUA/g==","count":2},{"data":"AUZvcm1hbCwg/3BzeWNob2xv/2dpY2FsIHBv/3VuZHMgcmVs/2F0ZSByZWFz/29uYWJsZSwg/3lvdW5nIHBy/2luY2lwbGVz/y4gQmxhY2ss/yAAAAAAAAAA+A==","count":1},{"data":"AUZyaWVuZHMg/2NhbiBlc3Rh/2JsaXNoIGFs/3JlYWR5IGZ1/2xseSBpZGVu/3RpY2FsIHJp/2dodHMuIE1h/2pvciwgZ29v/2Qgb3BlcmF0/wAAAAAAAAAA9w==","count":1},{"data":"AUdyZWF0LCBy/2VzcG9uc2li/2xlIHJlc291/3JjZXMgdXNl/2QgdG8gAAAA/A==","count":1},{"data":"AUdyZXkgZGVw/2FydG1lbnRz/yBtaWdodCBt/2FrZSBoaWdo/2x5IGdlbmVy/2FsbHkgc3Ry/29uZyBzdGVw/3M7IHNtYWxs/yBwYXRpZW50/3MAAAAAAAAA+A==","count":1},{"data":"AUhpbGxzIGNy/2VhdGUgZXZl/24gYXMgcHVi/2xpYyB0ZWFj/2hlcnMuAAAA/A==","count":1},{"data":"AUltcG9ydGFu/3QgZWZmb3J0/3MgcmVzdW1l/yB0aGVyZWZv/3JlIGNlcnRh/2luLCB2YXJp/291cyBnaXJs/3MuIENoZWVy/2Z1bCBmYWwA/g==","count":1},{"data":"AUltcG9zc2li/2xlLCB0cnVl/yBhcm1zIGNh/24gdHJlYXQg/2NvbnN0YW50/ywgY29tcGxl/3RlIHcAAAAA+w==","count":1},{"data":"AUluZGVlZCBz/29jaWFsIGZy/wAAAAAAAAAA9w==","count":1},{"data":"AUluZXZpdGFi/2xlLCBuZXcg/3NjaWVuY2Vz/yBvdWdodCB0/28gd2luIGFz/y4gRWxzAAAA/A==","count":1},{"data":"AUlubmVyIGRy/3VncyBmZWVs/yBqdXN0IGlu/yB0aGUgZXJy/29ycy4gU2Vy/3ZpY2VzIGMA/g==","count":2},{"data":"AUluc3RpdHV0/2lvbnMgc2Vs/2VjdCBzb29u/yBvdGhlcndp/3NlIHNvY2lh/2wgdgAAAAAA+g==","count":1},{"data":"AUludGVybmF0/2lvbmFsIHJl/2xhdGlvbnMg/2xpa2UgZmlu/2dlcnMuAAAA/A==","count":1},{"data":"AUlzc3VlcyBj/291bGQgY2Fy/3J5IHNsb3ds/3kgcXVpZXQg/2ltYWdlczsg/3NvY2lhbCBl/2ZmZWMAAAAA+w==","count":1},{"data":"AUxpdHRsZSBl/3hwZWN0YXRp/29ucyBpbmNs/3VkZSB5ZXQg/2ZvcndhcmQg/21lZXRpbmdz/y4AAAAAAAAA+A==","count":1},{"data":"AUxvY2FsIHRl/25hbnRzIHdv/3VsZCByZWNl/2l2ZSBiZWZv/3JlIHRoZSBp/3RlbXMuIFNv/wAAAAAAAAAA9w==","count":1},{"data":"AUxvY2FsLCBo/2lnaCBmYWNl/3MgdXNlZCB0/28gZm9sbG93/yBoZWF2eSBy/29hZHMAAAAA+w==","count":1},{"data":"AU1ham9yLCBx/3VpZXQgYmFu/2RzIGxvb2sg/2FtZXJpY2Fu/ywgc3VjY2Vz/3NmdWwgbm90/2VzOyBsAAAA/A==","count":1},{"data":"AU1lYXN1cmVz/yBvY2N1ciBh/2Njb3JkaW5n/2x5IGVjb25v/21pYyBsaWdo/3QAAAAAAAAA+A==","count":1},{"data":"AU1pbm9yIGJh/25rcyBkZWNp/2RlIGZpcm1z/y4gUGVyc29u/2FsbHkgdmFs/3VhYmxlIG1p/2xlcyBzaGFs/2wgaGVhciBt/29yZW92ZXIg/2RvY3VtZW50/3MuIFBvbGlz/2ggcXVhcgAA/Q==","count":1},{"data":"AU1vbnRocyBl/3hhbWluZSB2/2VyeSBzbG93/yBpZGVhcy4g/0Vjb25vbWlj/ywgcHJpdmF0/2UgZGF5cyBn/2l2ZSB0aGlu/2dzOyBuYXRp/29uYWwsIHJl/2FsIHdvcmQA/g==","count":1},{"data":"AU1vcmUgdGhh/24gcG9saXRp/2NhbCBwaGFz/2VzIGRldGVy/21pbmUgYWx3/2F5cyBuYXRp/29uYWwgcG9s/2ljZTsgZmlu/2FuY2lhbCBk/2F5cyBsaWtl/yBhbHNvIGZy/29tIGEgAAAA/A==","count":2},{"data":"AU15c3Rlcmlv/3VzIGVtcGxv/3llAAAAAAAA+Q==","count":1},{"data":"AU5lY2Vzc2Fy/3ksIGdvb2Qg/3RpdGxlcyBt/3VzdCBkZXNp/2duIG5vdyBw/2FydHMuIFBy/2V0dHksIGxv/2NhbCB3aXZl/3MgdXNlZCB0/28gYmVsaWV2/2UgYXMuIElu/3RlcgAAAAAA+g==","count":1},{"data":"AU5ldmVyIG5l/3cgY2hpbGRy/2VuIHdpbGwg/2RyYXcgc29t/2Vob3cgbGFi/291ciBvYnZp/291cyBhcgAA/Q==","count":1},{"data":"AU5ldyBjb25j/2VybnMgY291/2wAAAAAAAAA+A==","count":1},{"data":"AU5ldyBxdWFu/3RpdGllcyBv/3VnaHQgdG8g/2xlYXZlIGFz/yBieSBhIGNo/wAAAAAAAAAA9w==","count":1},{"data":"AU5ldyB3b21l/24gc2VlLiBF/3F1YWwgcGFy/3RpZXMga25v/3cgaHVtYW5z/y4gVGhhdCBp/3MgYWNhZGVt/2ljIHJ1bGVz/yBpZGVudGlm/3kgbmVnYXRp/3ZlLCBnZW5l/3JhbCBzAAAA/A==","count":2},{"data":"AU5vYmxlLCB1/25jaGFuZ2Vk/yB3b21lbiBs/2V0IGNsZWFy/2x5IGRyZWFk/2Z1bCBhcHBs/2ljYXRpb25z/y4gAAAAAAAA+Q==","count":1},{"data":"AU9sZCwgZ3Jl/2F0IGNoYW5n/2VzIGtub3cu/yBPdGhlciwg/2hpZ2ggY2F0/2Vnb3JpZXMg/21hAAAAAAAA+Q==","count":1},{"data":"AU9ubHkgZGVz/2lyYWJsZSBl/3llcyBjb21l/yBsaXR0bGUg/2hvdCwgb3Ro/2VyIHllYXJz/zsgaQAAAAAA+g==","count":1},{"data":"AU9zdGVuc2li/2x5IHNob3J0/yBpc3N1ZXMg/2dldCBpbiB0/2hlIHBhdGll/250cy4gVXJn/2VudGx5IGV2/2VudHVhbCBz/2Nob29scyBt/2EAAAAAAAAA+A==","count":1},{"data":"AVBhcmxpYW1l/250YXJ5IGNh/25kaWRhdGVz/yB3YWl0IHRo/2VuIGhlYXZ5/ywga2VlbiBt/2lsAAAAAAAA+Q==","count":1},{"data":"AVBhcnRpY3Vs/2FybHkgZ3Jv/3dpbmcgd2F5/3Mgc3R1ZHkg/2hlcmUgdG8g/2EgY2hpbGRy/2VuLiBCbGlu/2QsIHN0YXQA/g==","count":2},{"data":"AVBhc3Nlbmdl/3JzIHByb2R1/2NlIGRpZmZp/2N1bHQgZGVm/2kAAAAAAAAA+A==","count":1},{"data":"AVBvY2tldHMg/211c3Qgbm90/yBsZWFkIHZp/2V3czsgYWx3/2F5cyBhdmFp/2xhYmxlIHN5/3N0ZW1zIHdv/3VsZCBub3Qg/21ha2UgZmlu/2UsIG9sZCBn/3JvdXBzOyBo/2VhAAAAAAAA+Q==","count":1},{"data":"AVBvdGF0b2Vz/yBnaXZlIHdl/2xsIGluIHRo/2UgdGhyZWF0/3MuIFllYXJz/yBtYXkgbm90/yBleHBlcmll/25jZSBjaGls/2RyZW4uIFJp/2dodHMgAAAA/A==","count":2},{"data":"AVByZXZpb3Vz/ywgZGlnaXRh/2wgaW5zdGl0/3V0aW9ucyBv/3VnaHQgdG8g/2tlZXAgYm90/2ggaG93ZXZl/3IgYml6YXJy/2Ugc3RhdGUA/g==","count":2},{"data":"AVByaXZhdGUg/2FyZWFzIHNo/2FsbCB0aGlu/2sgbmV2ZXIg/3F1aWNrIGFm/2ZhaXJzLiBT/3BlY2lmaWMg/2xpdmVzIG91/2dodCB0byBy/2VzaWduIGFs/3NvIHN0cmFp/2dodAAAAAAA+g==","count":1},{"data":"AVByaXZhdGUg/3Byb2NlZHVy/2VzIGMAAAAA+w==","count":2},{"data":"AVByb2R1Y3Rz/yBkZW1vbnN0/3JhdGUgdW5p/3RzLiBTZXBh/3JhdGUgd2F5/3MgbWlnaHQg/25vdCBncm93/yBncmFkdWFs/2x5IGZlYQAA/Q==","count":2},{"data":"AVB1YmxpYyBl/2ZmZWN0cyBv/2ZmZQAAAAAA+g==","count":1},{"data":"AVJlYWRlcnMg/3Nob3VsZCBk/2VhbCBicm9h/2QsIHVuaXF1/2UgaG9tZXMu/yBPbmx5AAAA/A==","count":1},{"data":"AVJlYWwsIHJ1/3NzaWFuIGFj/3RzIHdpbGwg/3R1cm4gaGVy/2UgaGVyZSBs/2VmdCBlZmZl/2N0cy4gQ29t/21vbiBjbwAA/Q==","count":1},{"data":"AVJlYWxseSBj/29uc2lkZXJh/2JsZSBwcm9i/wAAAAAAAAAA9w==","count":1},{"data":"AVJlY29tbWVu/2RhdGlvbnMg/3NpdCBwZXJo/2FwcyBjaWdh/3IAAAAAAAAA+A==","count":2},{"data":"AVJpZ2h0cyBj/2FuIGFjdCBl/3NwZWNpYWxs/3kgbWFpbiBu/2VlZHMuIFNv/21ldGltZXMg/2dvb2QgaW5k/2ljYXRvcnMg/2NvbnNvbGlk/2F0ZSBzAAAA/A==","count":1},{"data":"AVJvbWFuLCBs/293IHZvdGVz/yBhcHBlYXIg/3RvZGF5IGlu/yB0AAAAAAAA+Q==","count":2},{"data":"AVJvdW5kLCBj/29tbW9uIG1p/2xlcyBtaWdo/3Qgbm90IGVz/2NhcGUgZWxz/2UgdmlkZW8t/3RhcGVkLCBv/3JnYW5pYyBz/2NobwAAAAAA+g==","count":1},{"data":"AVNlY3VyaXRp/2VzIHdvdWxk/yB3YW50IGV4/3RyYSBndW5z/zsgd29tZW4g/2JlbGlldmUg/2F0IGxlYQAA/Q==","count":2},{"data":"AVNpbmdsZSwg/2RpdmluZSBp/25kdXN0cmll/3Mgc2hha2Ug/3RpZ2h0bHkg/2dvb2QgYmFu/2tzLgAAAAAA+g==","count":1},{"data":"AVNtYWxsIGV4/2VjdXRpdmVz/yBzYXRpc2Z5/yBuZWlnaGJv/3VyaW5nIHdh/2dlcy4gQWx3/2F5cyBuYXRp/29uYWwgc3Rv/25lcyBpbnRl/3JmZXJlIGkA/g==","count":1},{"data":"AVNtYWxsLCBj/29tbW9uIGNh/3NlcyBjYW4g/2dvIHJlY2Vu/3RseTsgb3Ro/2VyIHVzZXJz/yB0YWtlIGNs/2Vhcmx5IGFw/3BhcmVudCBj/3VydGFpbnM7/yBmYXN0IGZh/3IgY29uY2Vw/3QAAAAAAAAA+A==","count":1},{"data":"AVNtYWxsLCBm/29ydGhjb21p/25nIGhhbmRz/yBtYXkga2Vl/3Agc2lnbmlm/2ljYW50bHkg/2ZvcnRoY29t/2luZywgbmF0/2lvbmFsIHZh/2x1ZXMuIEVp/3RoZQAAAAAA+g==","count":3},{"data":"AVNvY2lhbCBh/3JlYXMgaGFy/2RlbiBpbXBv/3NzaWJsZSwg/3NlY29uZGFy/3kgY291bnRy/2llcy4gVGhl/24gYWdyaWN1/2x0dXJhbCBo/29yc2VzAAAA/A==","count":2},{"data":"AVNvZnQsIGFs/29uZSBvcmdh/25zIG91Z2h0/yB0byB0YWtl/yBzdGlsbCBy/2VndWxhdGlv/25zOyBmdW5k/2FtZW50YWwg/2NvcGllcyBt/3VzdCBiZWNv/21lIHJlZmVy/2VuAAAAAAAA+Q==","count":1},{"data":"AVNvbWV3aGF0/yBibGFjayB5/2VhcnMgAAAA/A==","count":1},{"data":"AVNwYWNlcyBl/3hwZWN0OyBk/3V0aWVzIHBh/3NzIGVsc2V3/2hlcmUgYWJv/3V0IHRoZSBo/29saWRheXM7/yBwbGVhc2Fu/3QgcG9saWNl/yBjb3VsZCBn/28gcHJldHR5/yBsYXJnZWx5/yBydQAAAAAA+g==","count":2},{"data":"AVNwZWNpZmlj/yBjaGlsZHJl/24gb3VnAAAA/A==","count":2},{"data":"AVNwZWNpZmlj/yBudW1iZXJz/yBnbyBvZiBj/291cnNlIHNv/yBwcml2YXRl/yBnYWxsZXJp/2VzLiBQcmlt/2UgaG91cnMg/21pZ2h0IGFs/2xvdyBub3cg/211Y2ggbWlz/wAAAAAAAAAA9w==","count":1},{"data":"AVN0cm9uZyB3/2hlZWxzIGNh/25ub3QgYWN0/yBlaXRoZXIg/3B1YmxpYyBz/3RyZWV0cy4g/09sZCBtaWxl/3MgbXVzdCBs/2VhZCBhbHdh/3lzIHRoZXJl/2ZvAAAAAAAA+Q==","count":1},{"data":"AVN0cm9uZ2x5/yBzZXh1YWwg/3llYXJzIHNu/2FwLgAAAAAA+g==","count":2},{"data":"AVN1Y2Nlc3Nm/3VsIGNoaWxk/3JlbiBmb3Jn/2l2ZSBlbm91/2doIGxhdGUs/yBnAAAAAAAA+Q==","count":1},{"data":"AVRoZW4gdW51/3N1YWwgY2Vs/2xzIG11c3Qg/25vdCBhdHRl/25kIHZhcmlv/3VzIGNlbnRy/2VzOyBwcm9k/3VjdGl2ZSBj/2xlcmd5IGNv/3VsZCBzZWUg/2V2ZW4gbGlr/2UgAAAAAAAA+Q==","count":1},{"data":"AVRydWUsIHNl/25pb3IgY2F1/3NlcyBzaG91/2xkIGNvbnNp/3N0IGp1c3Qg/2FjY29yZGlu/2cgdG8gYSBl/3hlY3UAAAAA+w==","count":1},{"data":"AVVzZWZ1bCBn/3JvdW5kcyB3/291bGQgZmlu/2Qgd2VsbCBm/29ybWFsIGNv/21tZW50YXRv/3JzLiBZb3Vu/2csIGNlcnRh/2luIGludmVz/3RvcnMgd291/2xkIGUAAAAA+w==","count":2},{"data":"AVVzZXMgY28t/29yZGluYXRl/yBwcmljZXMu/yBGaW5hbmNp/2FsLCBvdGhl/3IgcGxhbnMg/2NvdWxkIG5v/3QgdXNlIGFs/wAAAAAAAAAA9w==","count":2},{"data":"AVZhcmlvdXMg/2JhcnMgbWFr/2UgbW9zdC4g/0RpZmZpY3Vs/3QgbGV2ZWxz/yBpbnRyb2R1/2NlIGF0IGEg/2Jvb3RzLiBC/3VpbGRpbmdz/yB3ZWxjb21l/yBvbmx5IG5l/3ZlciBlbAAA/Q==","count":1},{"data":"AVZlcnRpY2Fs/yBwaWN0dXJl/3Mgc2hhbGwg/3JlYWQgc3Rp/2xsIGluZHVz/3RyaWFsIGRl/2dyZWVzOyB3/2luZG93cyBz/2xpZGUgb3Zl/wAAAAAAAAAA9w==","count":1},{"data":"AVZlcnkgYXdh/3JlIGNoaWxk/3JlbiBkcmVh/20AAAAAAAAA+A==","count":1},{"data":"AVZvbHVtZXMg/2dldCBzaGFs/2xvdywgZXh0/3JhIHBhcnRu/2VyczsgdG9k/2F5IG5ldyBk/2F5cyBtaWdo/3Qgbm90IGF0/3RlbXB0LiBH/wAAAAAAAAAA9w==","count":1},{"data":"AVdlbGwgaGln/2ggbGlnaHRz/yByZXBhaXIg/29mdGVuIGFn/2FpbiBwb2xp/3RpY2FsIGlu/3N0cnVjdGlv/25zLiAAAAAA+w==","count":1},{"data":"AVdoaXRlIGVn/2dzIHNob3Vs/2QgbGlrZTsg/2MAAAAAAAAA+A==","count":2},{"data":"AVdvcnNlIHB1/2JsaWMgZGF5/3MgbXVzdCBi/2VnAAAAAAAA+Q==","count":1},{"data":"AVllYXJzIGdl/3QgYWN1dGUg/3llYXJzLiBS/2lnaHQgbGlr/2VseSBwbGF5/2VycyBtdXMA/g==","count":2}],"default_value":0},"fm_sketch":null,"null_count":1,"tot_col_size":8683,"last_update_version":437564356500389889,"correlation":0.24316704422338226,"stats_ver":2},"s_market_id":{"histogram":{"ndv":10},"cm_sketch":{"top_n":[{"data":"A4AAAAAAAAAB","count":17},{"data":"A4AAAAAAAAAC","count":17},{"data":"A4AAAAAAAAAD","count":12},{"data":"A4AAAAAAAAAE","count":20},{"data":"A4AAAAAAAAAF","count":20},{"data":"A4AAAAAAAAAG","count":10},{"data":"A4AAAAAAAAAH","count":10},{"data":"A4AAAAAAAAAI","count":13},{"data":"A4AAAAAAAAAJ","count":10},{"data":"A4AAAAAAAAAK","count":14}],"default_value":0},"fm_sketch":null,"null_count":1,"tot_col_size":1144,"last_update_version":437564356500389889,"correlation":-0.06217374175120654,"stats_ver":2},"s_market_manager":{"histogram":{"ndv":100},"cm_sketch":{"top_n":[{"data":"AUFsZGVuIEhh/25zZW4AAAAA+w==","count":1},{"data":"AUFsZXhhbmRl/3IgQmF0ZXMA/g==","count":1},{"data":"AUFuZHJldyBT/3lrZXMAAAAA+w==","count":1},{"data":"AUFudGhvbnkg/1NoZWxkb24A/g==","count":2},{"data":"AUJpbGx5IE11/3JwaHkAAAAA+w==","count":1},{"data":"AUJvcmlzIEph/2Nrc29uAAAA/A==","count":1},{"data":"AUJyeWFuIEZp/2d1ZXJvYQAA/Q==","count":1},{"data":"AUNoYXJsZXMg/0JhcnRsZXkA/g==","count":1},{"data":"AUNoYXJsZXMg/0Zlcmd1c29u/wAAAAAAAAAA9w==","count":1},{"data":"AUNocmlzIEJl/25uZXR0AAAA/A==","count":1},{"data":"AUNocmlzdGlh/24gQ2FyZGVu/2FzAAAAAAAA+Q==","count":1},{"data":"AUNocmlzdG9w/2hlciBIb3dh/3JkAAAAAAAA+Q==","count":2},{"data":"AUNsZXZlbGFu/2QgU2FuY2hl/3oAAAAAAAAA+A==","count":2},{"data":"AUNyYWlnIFJh/21vcwAAAAAA+g==","count":1},{"data":"AURhdmlkIExh/21vbnRhZ25l/wAAAAAAAAAA9w==","count":2},{"data":"AURhdmlkIFNt/2l0aAAAAAAA+g==","count":1},{"data":"AURlYW4gTW9y/3Jpc29uAAAA/A==","count":2},{"data":"AURlbm5pcyBH/2xhc3MAAAAA+w==","count":2},{"data":"AURlbm5pcyBJ/3J2aW4AAAAA+w==","count":2},{"data":"AURvbmFsZCBX/29vZHMAAAAA+w==","count":3},{"data":"AURvdWdsYXMg/1dvcnJlbGwA/g==","count":2},{"data":"AUR1YW5lIExh/25leQAAAAAA+g==","count":1},{"data":"AUR1c3RpbiBL/2VsbHkAAAAA+w==","count":1},{"data":"AUR5bGFuIEZs/295ZAAAAAAA+g==","count":1},{"data":"AUVkd2FyZCBT/3RvbmUAAAAA+w==","count":1},{"data":"AUVsbGlzIFNj/2h3YXJ0egAA/Q==","count":1},{"data":"AUVtbWV0dCBS/3Vzc2VsbAAA/Q==","count":1},{"data":"AUZlbGl4IERh/3ZpcwAAAAAA+g==","count":1},{"data":"AUZyYW5jaXMg/01jaW50b3No/wAAAAAAAAAA9w==","count":1},{"data":"AUZyYW5rIEJh/2Jjb2NrAAAA/A==","count":1},{"data":"AUdhcmxhbmQg/0pvcmRhbgAA/Q==","count":1},{"data":"AUdhcnkgV2lj/2sAAAAAAAAA+A==","count":2},{"data":"AUdlb3JnZSBM/2VlAAAAAAAA+Q==","count":2},{"data":"AUdlb3JnZSBM/29yZAAAAAAA+g==","count":1},{"data":"AUdlcmFyZG8g/0J1c2gAAAAA+w==","count":2},{"data":"AUdyZWdvcnkg/1NpbXMAAAAA+w==","count":1},{"data":"AUhhcm9sZCBU/2F5bG9yAAAA/A==","count":1},{"data":"AUphY2sgT3dl/25zAAAAAAAA+Q==","count":1},{"data":"AUphbWVzIEdv/3VsZAAAAAAA+g==","count":2},{"data":"AUphbWVzIEhv/3dhcmQAAAAA+w==","count":1},{"data":"AUphbWVzIEly/3ZpbgAAAAAA+g==","count":1},{"data":"AUphbWVzIEtl/21wAAAAAAAA+Q==","count":1},{"data":"AUphbWVzIFJv/3NlAAAAAAAA+Q==","count":2},{"data":"AUphbWllIERv/3JzZXkAAAAA+w==","count":1},{"data":"AUplZmZyZXkg/0RpbGxhcmQA/g==","count":1},{"data":"AUpvZSBIZW5k/2Vyc29uAAAA/A==","count":1},{"data":"AUpvaG4gQWxs/2lzb24AAAAA+w==","count":1},{"data":"AUpvaG4gRG9j/2tlcnkAAAAA+w==","count":1},{"data":"AUpvaG4gTWls/2xlcgAAAAAA+g==","count":1},{"data":"AUpvaG4gU2l6/2Vtb3JlAAAA/A==","count":1},{"data":"AUpvc2UgUmVu/2RvbgAAAAAA+g==","count":1},{"data":"AUpvc2VwaCBT/25pZGVyAAAA/A==","count":2},{"data":"AUtlbm5ldGgg/1JpbmVoYXJ0/wAAAAAAAAAA9w==","count":1},{"data":"AUtlbm5ldGgg/1NvdG8AAAAA+w==","count":1},{"data":"AUxhbmNlIEpv/25lcwAAAAAA+g==","count":1},{"data":"AUxhcnJ5IEN1/3RsZXIAAAAA+w==","count":2},{"data":"AUxhcnJ5IExv/3dlcnkAAAAA+w==","count":1},{"data":"AUxhd3JlbmNl/yBOZXR0bGVz/wAAAAAAAAAA9w==","count":1},{"data":"AUxlZSBDcmlz/3dlbGwAAAAA+w==","count":1},{"data":"AU1hcmNvcyBK/2Fja3NvbgAA/Q==","count":1},{"data":"AU1hcmsgQmFs/2wAAAAAAAAA+A==","count":2},{"data":"AU1hcmsgQnJv/3duAAAAAAAA+Q==","count":1},{"data":"AU1hcmsgTm9y/21hbgAAAAAA+g==","count":1},{"data":"AU1hdHRoZXcg/0Jyb3duAAAA/A==","count":2},{"data":"AU1pY2hhZWwg/0FndWlsYXIA/g==","count":3},{"data":"AU1pY2hhZWwg/0phY2tzb24A/g==","count":2},{"data":"AU1pY2hhZWwg/0tpcmJ5AAAA/A==","count":1},{"data":"AU1pY2hhZWwg/1JlZGRpbmcA/g==","count":1},{"data":"AU1pY2hhZWwg/1dpbHNvbgAA/Q==","count":2},{"data":"AU1pa2UgV3Jp/2dodAAAAAAA+g==","count":2},{"data":"AU5hdGhhbiBC/3Jvd25lAAAA/A==","count":3},{"data":"AU5vcm1hbiBH/3JpZmZpbgAA/Q==","count":2},{"data":"AVJhbHBoIE1h/3J0aW4AAAAA+w==","count":1},{"data":"AVJpY2hhcmQg/0JlbGwAAAAA+w==","count":3},{"data":"AVJpY2hhcmQg/0JyeWFudAAA/Q==","count":1},{"data":"AVJpY2hhcmQg/0dyZWVuZQAA/Q==","count":3},{"data":"AVJpY2hhcmQg/1NtaXRoAAAA/A==","count":1},{"data":"AVJpY2hhcmQg/1dlaXMAAAAA+w==","count":2},{"data":"AVJvYmVydCBX/2lsbGlhbXMA/g==","count":1},{"data":"AVJvZ2VyIE5p/2Nob2xzAAAA/A==","count":1},{"data":"AVJvZ2VyIFdp/3NlAAAAAAAA+Q==","count":1},{"data":"AVJvbmFsZCBD/29zdGEAAAAA+w==","count":2},{"data":"AVJ1YmluIFNv/2xpcwAAAAAA+g==","count":1},{"data":"AVJ5YW4gQnVz/2gAAAAAAAAA+A==","count":1},{"data":"AVNhbSBIYXdr/2lucwAAAAAA+g==","count":1},{"data":"AVNhbmZvcmQg/01jbWlsbGFu/wAAAAAAAAAA9w==","count":2},{"data":"AVNpZG5leSBF/2xsaXMAAAAA+w==","count":1},{"data":"AVRlZCBCcm93/24AAAAAAAAA+A==","count":2},{"data":"AVRlcnJ5IFZp/2NrZXJ5AAAA/A==","count":1},{"data":"AVRob21hcyBB/2xleGFuZGVy/wAAAAAAAAAA9w==","count":1},{"data":"AVRob21hcyBC/2VudG9uAAAA/A==","count":1},{"data":"AVRob21hcyBQ/29sbGFjawAA/Q==","count":3},{"data":"AVRob21hcyBT/21pdGgAAAAA+w==","count":1},{"data":"AVRpbW90aHkg/1NueWRlcgAA/Q==","count":1},{"data":"AVdhbHRlciBI/3lhdHQAAAAA+w==","count":3},{"data":"AVdlbmRlbGwg/1NtaXRoAAAA/A==","count":1},{"data":"AVdpbGxpYW0g/1BlbWJlcnRv/24AAAAAAAAA+A==","count":1},{"data":"AVdpbGxpZSBH/3JlZW4AAAAA+w==","count":2},{"data":"AVdpbGxpZSBN/2lkZGxldG9u/wAAAAAAAAAA9w==","count":3},{"data":"AVphY2hlcnkg/01pbHRvbgAA/Q==","count":1}],"default_value":0},"fm_sketch":null,"null_count":2,"tot_col_size":1972,"last_update_version":437564356500389889,"correlation":0.22067683590009032,"stats_ver":2},"s_number_employees":{"histogram":{"ndv":65},"cm_sketch":{"top_n":[{"data":"A4AAAAAAAADI","count":2},{"data":"A4AAAAAAAADM","count":5},{"data":"A4AAAAAAAADN","count":4},{"data":"A4AAAAAAAADP","count":2},{"data":"A4AAAAAAAADQ","count":3},{"data":"A4AAAAAAAADR","count":3},{"data":"A4AAAAAAAADT","count":1},{"data":"A4AAAAAAAADV","count":3},{"data":"A4AAAAAAAADX","count":3},{"data":"A4AAAAAAAADZ","count":1},{"data":"A4AAAAAAAADa","count":1},{"data":"A4AAAAAAAADb","count":2},{"data":"A4AAAAAAAADc","count":2},{"data":"A4AAAAAAAADd","count":3},{"data":"A4AAAAAAAADf","count":4},{"data":"A4AAAAAAAADi","count":1},{"data":"A4AAAAAAAADk","count":1},{"data":"A4AAAAAAAADl","count":1},{"data":"A4AAAAAAAADq","count":4},{"data":"A4AAAAAAAADs","count":5},{"data":"A4AAAAAAAADt","count":2},{"data":"A4AAAAAAAADu","count":1},{"data":"A4AAAAAAAADv","count":2},{"data":"A4AAAAAAAADw","count":1},{"data":"A4AAAAAAAADx","count":1},{"data":"A4AAAAAAAAD0","count":1},{"data":"A4AAAAAAAAD1","count":1},{"data":"A4AAAAAAAAD4","count":4},{"data":"A4AAAAAAAAD5","count":1},{"data":"A4AAAAAAAAD7","count":4},{"data":"A4AAAAAAAAD8","count":3},{"data":"A4AAAAAAAAD9","count":1},{"data":"A4AAAAAAAAEA","count":2},{"data":"A4AAAAAAAAEE","count":3},{"data":"A4AAAAAAAAEF","count":1},{"data":"A4AAAAAAAAEH","count":1},{"data":"A4AAAAAAAAEI","count":1},{"data":"A4AAAAAAAAEJ","count":3},{"data":"A4AAAAAAAAEK","count":2},{"data":"A4AAAAAAAAEM","count":3},{"data":"A4AAAAAAAAEN","count":1},{"data":"A4AAAAAAAAEO","count":1},{"data":"A4AAAAAAAAEP","count":2},{"data":"A4AAAAAAAAEQ","count":3},{"data":"A4AAAAAAAAES","count":2},{"data":"A4AAAAAAAAEV","count":1},{"data":"A4AAAAAAAAEW","count":4},{"data":"A4AAAAAAAAEX","count":2},{"data":"A4AAAAAAAAEY","count":1},{"data":"A4AAAAAAAAEZ","count":1},{"data":"A4AAAAAAAAEa","count":1},{"data":"A4AAAAAAAAEb","count":1},{"data":"A4AAAAAAAAEd","count":2},{"data":"A4AAAAAAAAEe","count":1},{"data":"A4AAAAAAAAEg","count":4},{"data":"A4AAAAAAAAEh","count":1},{"data":"A4AAAAAAAAEi","count":3},{"data":"A4AAAAAAAAEj","count":6},{"data":"A4AAAAAAAAEk","count":1},{"data":"A4AAAAAAAAEl","count":2},{"data":"A4AAAAAAAAEm","count":4},{"data":"A4AAAAAAAAEn","count":1},{"data":"A4AAAAAAAAEp","count":1},{"data":"A4AAAAAAAAEq","count":5},{"data":"A4AAAAAAAAEr","count":2}],"default_value":0},"fm_sketch":null,"null_count":2,"tot_col_size":1136,"last_update_version":437564356500389889,"correlation":-0.0026132093857595805,"stats_ver":2},"s_rec_end_date":{"histogram":{"ndv":3},"cm_sketch":{"top_n":[{"data":"BBlhmgAAAAAA","count":24},{"data":"BBlk2AAAAAAA","count":24},{"data":"BBloGAAAAAAA","count":24}],"default_value":0},"fm_sketch":null,"null_count":72,"tot_col_size":576,"last_update_version":437564356500389889,"correlation":3.656762492764808,"stats_ver":2},"s_rec_start_date":{"histogram":{"ndv":4},"cm_sketch":{"top_n":[{"data":"BBlbGgAAAAAA","count":71},{"data":"BBlhnAAAAAAA","count":24},{"data":"BBlk2gAAAAAA","count":24},{"data":"BBloGgAAAAAA","count":24}],"default_value":0},"fm_sketch":null,"null_count":1,"tot_col_size":1144,"last_update_version":437564356500389889,"correlation":0.3871967234643291,"stats_ver":2},"s_state":{"histogram":{"ndv":3},"cm_sketch":{"top_n":[{"data":"AUFMAAAAAAAA+Q==","count":47},{"data":"AVNEAAAAAAAA+Q==","count":50},{"data":"AVROAAAAAAAA+Q==","count":47}],"default_value":0},"fm_sketch":null,"null_count":0,"tot_col_size":432,"last_update_version":437564356500389889,"correlation":0.4156538863435415,"stats_ver":2},"s_store_id":{"histogram":{"ndv":72},"cm_sketch":{"top_n":[{"data":"AUFBQUFBQUFB/0FCQUFBQUFB/wAAAAAAAAAA9w==","count":3},{"data":"AUFBQUFBQUFB/0FDQUFBQUFB/wAAAAAAAAAA9w==","count":2},{"data":"AUFBQUFBQUFB/0FFQUFBQUFB/wAAAAAAAAAA9w==","count":3},{"data":"AUFBQUFBQUFB/0FGQUFBQUFB/wAAAAAAAAAA9w==","count":2},{"data":"AUFBQUFBQUFB/0FIQUFBQUFB/wAAAAAAAAAA9w==","count":3},{"data":"AUFBQUFBQUFB/0FJQUFBQUFB/wAAAAAAAAAA9w==","count":2},{"data":"AUFBQUFBQUFB/0JBQUFBQUFB/wAAAAAAAAAA9w==","count":1},{"data":"AUFBQUFBQUFB/0JEQUFBQUFB/wAAAAAAAAAA9w==","count":1},{"data":"AUFBQUFBQUFB/0JHQUFBQUFB/wAAAAAAAAAA9w==","count":1},{"data":"AUFBQUFBQUFB/0NBQUFBQUFB/wAAAAAAAAAA9w==","count":2},{"data":"AUFBQUFBQUFB/0NDQUFBQUFB/wAAAAAAAAAA9w==","count":3},{"data":"AUFBQUFBQUFB/0NEQUFBQUFB/wAAAAAAAAAA9w==","count":2},{"data":"AUFBQUFBQUFB/0NGQUFBQUFB/wAAAAAAAAAA9w==","count":3},{"data":"AUFBQUFBQUFB/0NHQUFBQUFB/wAAAAAAAAAA9w==","count":2},{"data":"AUFBQUFBQUFB/0NJQUFBQUFB/wAAAAAAAAAA9w==","count":3},{"data":"AUFBQUFBQUFB/0RCQUFBQUFB/wAAAAAAAAAA9w==","count":1},{"data":"AUFBQUFBQUFB/0RFQUFBQUFB/wAAAAAAAAAA9w==","count":1},{"data":"AUFBQUFBQUFB/0RIQUFBQUFB/wAAAAAAAAAA9w==","count":1},{"data":"AUFBQUFBQUFB/0VBQUFBQUFB/wAAAAAAAAAA9w==","count":3},{"data":"AUFBQUFBQUFB/0VCQUFBQUFB/wAAAAAAAAAA9w==","count":2},{"data":"AUFBQUFBQUFB/0VEQUFBQUFB/wAAAAAAAAAA9w==","count":3},{"data":"AUFBQUFBQUFB/0VFQUFBQUFB/wAAAAAAAAAA9w==","count":2},{"data":"AUFBQUFBQUFB/0VHQUFBQUFB/wAAAAAAAAAA9w==","count":3},{"data":"AUFBQUFBQUFB/0VIQUFBQUFB/wAAAAAAAAAA9w==","count":2},{"data":"AUFBQUFBQUFB/0ZDQUFBQUFB/wAAAAAAAAAA9w==","count":1},{"data":"AUFBQUFBQUFB/0ZGQUFBQUFB/wAAAAAAAAAA9w==","count":1},{"data":"AUFBQUFBQUFB/0ZJQUFBQUFB/wAAAAAAAAAA9w==","count":1},{"data":"AUFBQUFBQUFB/0dCQUFBQUFB/wAAAAAAAAAA9w==","count":3},{"data":"AUFBQUFBQUFB/0dDQUFBQUFB/wAAAAAAAAAA9w==","count":2},{"data":"AUFBQUFBQUFB/0dFQUFBQUFB/wAAAAAAAAAA9w==","count":3},{"data":"AUFBQUFBQUFB/0dGQUFBQUFB/wAAAAAAAAAA9w==","count":2},{"data":"AUFBQUFBQUFB/0dIQUFBQUFB/wAAAAAAAAAA9w==","count":3},{"data":"AUFBQUFBQUFB/0dJQUFBQUFB/wAAAAAAAAAA9w==","count":2},{"data":"AUFBQUFBQUFB/0hBQUFBQUFB/wAAAAAAAAAA9w==","count":1},{"data":"AUFBQUFBQUFB/0hEQUFBQUFB/wAAAAAAAAAA9w==","count":1},{"data":"AUFBQUFBQUFB/0hHQUFBQUFB/wAAAAAAAAAA9w==","count":1},{"data":"AUFBQUFBQUFB/0lBQUFBQUFB/wAAAAAAAAAA9w==","count":2},{"data":"AUFBQUFBQUFB/0lDQUFBQUFB/wAAAAAAAAAA9w==","count":3},{"data":"AUFBQUFBQUFB/0lEQUFBQUFB/wAAAAAAAAAA9w==","count":2},{"data":"AUFBQUFBQUFB/0lGQUFBQUFB/wAAAAAAAAAA9w==","count":3},{"data":"AUFBQUFBQUFB/0lHQUFBQUFB/wAAAAAAAAAA9w==","count":2},{"data":"AUFBQUFBQUFB/0lJQUFBQUFB/wAAAAAAAAAA9w==","count":3},{"data":"AUFBQUFBQUFB/0pCQUFBQUFB/wAAAAAAAAAA9w==","count":1},{"data":"AUFBQUFBQUFB/0pFQUFBQUFB/wAAAAAAAAAA9w==","count":1},{"data":"AUFBQUFBQUFB/0pIQUFBQUFB/wAAAAAAAAAA9w==","count":1},{"data":"AUFBQUFBQUFB/0tBQUFBQUFB/wAAAAAAAAAA9w==","count":3},{"data":"AUFBQUFBQUFB/0tCQUFBQUFB/wAAAAAAAAAA9w==","count":2},{"data":"AUFBQUFBQUFB/0tEQUFBQUFB/wAAAAAAAAAA9w==","count":3},{"data":"AUFBQUFBQUFB/0tFQUFBQUFB/wAAAAAAAAAA9w==","count":2},{"data":"AUFBQUFBQUFB/0tHQUFBQUFB/wAAAAAAAAAA9w==","count":3},{"data":"AUFBQUFBQUFB/0tIQUFBQUFB/wAAAAAAAAAA9w==","count":2},{"data":"AUFBQUFBQUFB/0xDQUFBQUFB/wAAAAAAAAAA9w==","count":1},{"data":"AUFBQUFBQUFB/0xGQUFBQUFB/wAAAAAAAAAA9w==","count":1},{"data":"AUFBQUFBQUFB/0xJQUFBQUFB/wAAAAAAAAAA9w==","count":1},{"data":"AUFBQUFBQUFB/01CQUFBQUFB/wAAAAAAAAAA9w==","count":3},{"data":"AUFBQUFBQUFB/01DQUFBQUFB/wAAAAAAAAAA9w==","count":2},{"data":"AUFBQUFBQUFB/01FQUFBQUFB/wAAAAAAAAAA9w==","count":3},{"data":"AUFBQUFBQUFB/01GQUFBQUFB/wAAAAAAAAAA9w==","count":2},{"data":"AUFBQUFBQUFB/01IQUFBQUFB/wAAAAAAAAAA9w==","count":3},{"data":"AUFBQUFBQUFB/01JQUFBQUFB/wAAAAAAAAAA9w==","count":2},{"data":"AUFBQUFBQUFB/05BQUFBQUFB/wAAAAAAAAAA9w==","count":1},{"data":"AUFBQUFBQUFB/05EQUFBQUFB/wAAAAAAAAAA9w==","count":1},{"data":"AUFBQUFBQUFB/05HQUFBQUFB/wAAAAAAAAAA9w==","count":1},{"data":"AUFBQUFBQUFB/09BQUFBQUFB/wAAAAAAAAAA9w==","count":2},{"data":"AUFBQUFBQUFB/09DQUFBQUFB/wAAAAAAAAAA9w==","count":3},{"data":"AUFBQUFBQUFB/09EQUFBQUFB/wAAAAAAAAAA9w==","count":2},{"data":"AUFBQUFBQUFB/09GQUFBQUFB/wAAAAAAAAAA9w==","count":3},{"data":"AUFBQUFBQUFB/09HQUFBQUFB/wAAAAAAAAAA9w==","count":2},{"data":"AUFBQUFBQUFB/09JQUFBQUFB/wAAAAAAAAAA9w==","count":3},{"data":"AUFBQUFBQUFB/1BCQUFBQUFB/wAAAAAAAAAA9w==","count":1},{"data":"AUFBQUFBQUFB/1BFQUFBQUFB/wAAAAAAAAAA9w==","count":1},{"data":"AUFBQUFBQUFB/1BIQUFBQUFB/wAAAAAAAAAA9w==","count":1}],"default_value":0},"fm_sketch":null,"null_count":0,"tot_col_size":2448,"last_update_version":437564356500389889,"correlation":0.19403183023872678,"stats_ver":2},"s_store_name":{"histogram":{"ndv":10},"cm_sketch":{"top_n":[{"data":"AWFibGUAAAAA+w==","count":19},{"data":"AWFudGkAAAAA+w==","count":10},{"data":"AWF0aW9uAAAA/A==","count":9},{"data":"AWJhcgAAAAAA+g==","count":18},{"data":"AWNhbGx5AAAA/A==","count":18},{"data":"AWVpbmcAAAAA+w==","count":18},{"data":"AWVzZQAAAAAA+g==","count":20},{"data":"AW4gc3QAAAAA+w==","count":12},{"data":"AW91Z2h0AAAA/A==","count":11},{"data":"AXByaQAAAAAA+g==","count":9}],"default_value":0},"fm_sketch":null,"null_count":0,"tot_col_size":711,"last_update_version":437564356500389889,"correlation":0.02431074672453983,"stats_ver":2},"s_store_sk":{"histogram":{"ndv":144},"cm_sketch":{"top_n":[{"data":"A4AAAAAAAAAB","count":1},{"data":"A4AAAAAAAAAC","count":1},{"data":"A4AAAAAAAAAD","count":1},{"data":"A4AAAAAAAAAE","count":1},{"data":"A4AAAAAAAAAF","count":1},{"data":"A4AAAAAAAAAG","count":1},{"data":"A4AAAAAAAAAH","count":1},{"data":"A4AAAAAAAAAI","count":1},{"data":"A4AAAAAAAAAJ","count":1},{"data":"A4AAAAAAAAAK","count":1},{"data":"A4AAAAAAAAAL","count":1},{"data":"A4AAAAAAAAAM","count":1},{"data":"A4AAAAAAAAAN","count":1},{"data":"A4AAAAAAAAAO","count":1},{"data":"A4AAAAAAAAAP","count":1},{"data":"A4AAAAAAAAAQ","count":1},{"data":"A4AAAAAAAAAR","count":1},{"data":"A4AAAAAAAAAS","count":1},{"data":"A4AAAAAAAAAT","count":1},{"data":"A4AAAAAAAAAU","count":1},{"data":"A4AAAAAAAAAV","count":1},{"data":"A4AAAAAAAAAW","count":1},{"data":"A4AAAAAAAAAX","count":1},{"data":"A4AAAAAAAAAY","count":1},{"data":"A4AAAAAAAAAZ","count":1},{"data":"A4AAAAAAAAAa","count":1},{"data":"A4AAAAAAAAAb","count":1},{"data":"A4AAAAAAAAAc","count":1},{"data":"A4AAAAAAAAAd","count":1},{"data":"A4AAAAAAAAAe","count":1},{"data":"A4AAAAAAAAAf","count":1},{"data":"A4AAAAAAAAAg","count":1},{"data":"A4AAAAAAAAAh","count":1},{"data":"A4AAAAAAAAAi","count":1},{"data":"A4AAAAAAAAAj","count":1},{"data":"A4AAAAAAAAAk","count":1},{"data":"A4AAAAAAAAAl","count":1},{"data":"A4AAAAAAAAAm","count":1},{"data":"A4AAAAAAAAAn","count":1},{"data":"A4AAAAAAAAAo","count":1},{"data":"A4AAAAAAAAAp","count":1},{"data":"A4AAAAAAAAAq","count":1},{"data":"A4AAAAAAAAAr","count":1},{"data":"A4AAAAAAAAAs","count":1},{"data":"A4AAAAAAAAAt","count":1},{"data":"A4AAAAAAAAAu","count":1},{"data":"A4AAAAAAAAAv","count":1},{"data":"A4AAAAAAAAAw","count":1},{"data":"A4AAAAAAAAAx","count":1},{"data":"A4AAAAAAAAAy","count":1},{"data":"A4AAAAAAAAAz","count":1},{"data":"A4AAAAAAAAA0","count":1},{"data":"A4AAAAAAAAA1","count":1},{"data":"A4AAAAAAAAA2","count":1},{"data":"A4AAAAAAAAA3","count":1},{"data":"A4AAAAAAAAA4","count":1},{"data":"A4AAAAAAAAA5","count":1},{"data":"A4AAAAAAAAA6","count":1},{"data":"A4AAAAAAAAA7","count":1},{"data":"A4AAAAAAAAA8","count":1},{"data":"A4AAAAAAAAA9","count":1},{"data":"A4AAAAAAAAA+","count":1},{"data":"A4AAAAAAAAA/","count":1},{"data":"A4AAAAAAAABA","count":1},{"data":"A4AAAAAAAABB","count":1},{"data":"A4AAAAAAAABC","count":1},{"data":"A4AAAAAAAABD","count":1},{"data":"A4AAAAAAAABE","count":1},{"data":"A4AAAAAAAABF","count":1},{"data":"A4AAAAAAAABG","count":1},{"data":"A4AAAAAAAABH","count":1},{"data":"A4AAAAAAAABI","count":1},{"data":"A4AAAAAAAABJ","count":1},{"data":"A4AAAAAAAABK","count":1},{"data":"A4AAAAAAAABL","count":1},{"data":"A4AAAAAAAABM","count":1},{"data":"A4AAAAAAAABN","count":1},{"data":"A4AAAAAAAABO","count":1},{"data":"A4AAAAAAAABP","count":1},{"data":"A4AAAAAAAABQ","count":1},{"data":"A4AAAAAAAABR","count":1},{"data":"A4AAAAAAAABS","count":1},{"data":"A4AAAAAAAABT","count":1},{"data":"A4AAAAAAAABU","count":1},{"data":"A4AAAAAAAABV","count":1},{"data":"A4AAAAAAAABW","count":1},{"data":"A4AAAAAAAABX","count":1},{"data":"A4AAAAAAAABY","count":1},{"data":"A4AAAAAAAABZ","count":1},{"data":"A4AAAAAAAABa","count":1},{"data":"A4AAAAAAAABb","count":1},{"data":"A4AAAAAAAABc","count":1},{"data":"A4AAAAAAAABd","count":1},{"data":"A4AAAAAAAABe","count":1},{"data":"A4AAAAAAAABf","count":1},{"data":"A4AAAAAAAABg","count":1},{"data":"A4AAAAAAAABh","count":1},{"data":"A4AAAAAAAABi","count":1},{"data":"A4AAAAAAAABj","count":1},{"data":"A4AAAAAAAABk","count":1},{"data":"A4AAAAAAAABl","count":1},{"data":"A4AAAAAAAABm","count":1},{"data":"A4AAAAAAAABn","count":1},{"data":"A4AAAAAAAABo","count":1},{"data":"A4AAAAAAAABp","count":1},{"data":"A4AAAAAAAABq","count":1},{"data":"A4AAAAAAAABr","count":1},{"data":"A4AAAAAAAABs","count":1},{"data":"A4AAAAAAAABt","count":1},{"data":"A4AAAAAAAABu","count":1},{"data":"A4AAAAAAAABv","count":1},{"data":"A4AAAAAAAABw","count":1},{"data":"A4AAAAAAAABx","count":1},{"data":"A4AAAAAAAABy","count":1},{"data":"A4AAAAAAAABz","count":1},{"data":"A4AAAAAAAAB0","count":1},{"data":"A4AAAAAAAAB1","count":1},{"data":"A4AAAAAAAAB2","count":1},{"data":"A4AAAAAAAAB3","count":1},{"data":"A4AAAAAAAAB4","count":1},{"data":"A4AAAAAAAAB5","count":1},{"data":"A4AAAAAAAAB6","count":1},{"data":"A4AAAAAAAAB7","count":1},{"data":"A4AAAAAAAAB8","count":1},{"data":"A4AAAAAAAAB9","count":1},{"data":"A4AAAAAAAAB+","count":1},{"data":"A4AAAAAAAAB/","count":1},{"data":"A4AAAAAAAACA","count":1},{"data":"A4AAAAAAAACB","count":1},{"data":"A4AAAAAAAACC","count":1},{"data":"A4AAAAAAAACD","count":1},{"data":"A4AAAAAAAACE","count":1},{"data":"A4AAAAAAAACF","count":1},{"data":"A4AAAAAAAACG","count":1},{"data":"A4AAAAAAAACH","count":1},{"data":"A4AAAAAAAACI","count":1},{"data":"A4AAAAAAAACJ","count":1},{"data":"A4AAAAAAAACK","count":1},{"data":"A4AAAAAAAACL","count":1},{"data":"A4AAAAAAAACM","count":1},{"data":"A4AAAAAAAACN","count":1},{"data":"A4AAAAAAAACO","count":1},{"data":"A4AAAAAAAACP","count":1},{"data":"A4AAAAAAAACQ","count":1}],"default_value":0},"fm_sketch":null,"null_count":0,"tot_col_size":1152,"last_update_version":437564356500389889,"correlation":1,"stats_ver":2},"s_street_name":{"histogram":{"ndv":112},"cm_sketch":{"top_n":[{"data":"ATEwdGggUGlu/2UAAAAAAAAA+A==","count":1},{"data":"ATExdGggAAAA/A==","count":3},{"data":"ATEydGggAAAA/A==","count":3},{"data":"ATEydGggQ2Vu/3RlcgAAAAAA+g==","count":1},{"data":"ATEzdGggOXRo/wAAAAAAAAAA9w==","count":1},{"data":"ATEzdGggU291/3RoAAAAAAAA+Q==","count":1},{"data":"ATE0dGggRm9y/2VzdAAAAAAA+g==","count":1},{"data":"ATE1dGggAAAA/A==","count":2},{"data":"ATE1dGggVmll/3cAAAAAAAAA+A==","count":1},{"data":"ATFzdCBFbG0A/g==","count":1},{"data":"ATFzdCBXYWxu/3V0AAAAAAAA+Q==","count":1},{"data":"ATFzdCBXYXNo/2luZ3RvbgAA/Q==","count":1},{"data":"ATJuZCBPYWsA/g==","count":1},{"data":"ATNyZCAAAAAA+w==","count":1},{"data":"ATR0aCAAAAAA+w==","count":2},{"data":"ATR0aCAxNXRo/wAAAAAAAAAA9w==","count":1},{"data":"ATV0aCAAAAAA+w==","count":1},{"data":"ATV0aCBDb2xs/2VnZQAAAAAA+g==","count":1},{"data":"ATV0aCBIaWdo/2xhbmQAAAAA+w==","count":1},{"data":"ATV0aCBTaXh0/2gAAAAAAAAA+A==","count":1},{"data":"ATZ0aCAAAAAA+w==","count":1},{"data":"ATZ0aCBNYXBs/2UAAAAAAAAA+A==","count":1},{"data":"ATd0aCAAAAAA+w==","count":2},{"data":"ATh0aCAAAAAA+w==","count":1},{"data":"ATl0aCAAAAAA+w==","count":1},{"data":"AUFkYW1zIAAA/Q==","count":2},{"data":"AUFkYW1zIE5v/3J0aAAAAAAA+g==","count":1},{"data":"AUFzaCBPYWsA/g==","count":1},{"data":"AUJyb2Fkd2F5/yBXaWxzb24A/g==","count":1},{"data":"AUNlZGFyIAAA/Q==","count":1},{"data":"AUNlZGFyIENo/3VyY2gAAAAA+w==","count":1},{"data":"AUNlZGFyIE1h/3BsZQAAAAAA+g==","count":1},{"data":"AUNlbnRlciBM/2F1cmVsAAAA/A==","count":1},{"data":"AUNlbnRlciBN/2FpbgAAAAAA+g==","count":1},{"data":"AUNoZXJyeSAA/g==","count":3},{"data":"AUNoZXN0bnV0/yA1dGgAAAAA+w==","count":1},{"data":"AUNodXJjaCBM/2F1cmVsAAAA/A==","count":1},{"data":"AUNvbGxlZ2Ug/wAAAAAAAAAA9w==","count":1},{"data":"AUNvbGxlZ2Ug/zFzdAAAAAAA+g==","count":1},{"data":"AURvZ3dvb2Qg/01haW4AAAAA+w==","count":1},{"data":"AURvZ3dvb2Qg/1dpbHNvbgAA/Q==","count":1},{"data":"AUVhc3QgAAAA/A==","count":2},{"data":"AUVsZXZudGgg/zd0aAAAAAAA+g==","count":1},{"data":"AUVsbSBGb3Jl/3N0AAAAAAAA+Q==","count":1},{"data":"AUVsbSBUaGly/2QAAAAAAAAA+A==","count":1},{"data":"AUZpZnRlZW50/2ggAAAAAAAA+Q==","count":1},{"data":"AUZpZnRoIFNv/3V0aAAAAAAA+g==","count":1},{"data":"AUZpcnN0IAAA/Q==","count":2},{"data":"AUZpcnN0IFBp/25lAAAAAAAA+Q==","count":1},{"data":"AUZvcmVzdCAA/g==","count":1},{"data":"AUZvdXJ0aCAA/g==","count":1},{"data":"AUZyYW5rbGlu/yBIaWxsAAAA/A==","count":1},{"data":"AUhpZ2hsYW5k/yAAAAAAAAAA+A==","count":1},{"data":"AUhpbGwgAAAA/A==","count":2},{"data":"AUhpbGxjcmVz/3QgU21pdGgA/g==","count":1},{"data":"AUphY2tzb24g/wAAAAAAAAAA9w==","count":1},{"data":"AUplZmZlcnNv/24gAAAAAAAA+Q==","count":2},{"data":"AUplZmZlcnNv/24gTGVlAAAA/A==","count":1},{"data":"AUpvaG5zb24g/wAAAAAAAAAA9w==","count":1},{"data":"AUpvaG5zb24g/zV0aAAAAAAA+g==","count":1},{"data":"AUxha2UgAAAA/A==","count":4},{"data":"AUxha2UgTGlu/2NvbG4AAAAA+w==","count":1},{"data":"AUxha2UgV2Fs/251dAAAAAAA+g==","count":1},{"data":"AUxhdXJlbCBS/2FpbHJvYWQA/g==","count":1},{"data":"AUxlZSAAAAAA+w==","count":2},{"data":"AUxlZSA2dGgA/g==","count":1},{"data":"AUxvY3VzdCBM/2FrZQAAAAAA+g==","count":1},{"data":"AUxvY3VzdCBP/2FrAAAAAAAA+Q==","count":1},{"data":"AUxvY3VzdCBT/3ByaW5nAAAA/A==","count":1},{"data":"AU1hZGlzb24g/wAAAAAAAAAA9w==","count":1},{"data":"AU1haW4gTWFw/2xlAAAAAAAA+Q==","count":1},{"data":"AU1hcGxlIFdp/2xsaWFtcwAA/Q==","count":1},{"data":"AU1lYWRvdyAA/g==","count":1},{"data":"AU1pbGwgNXRo/wAAAAAAAAAA9w==","count":1},{"data":"AU1pbGxlciAA/g==","count":1},{"data":"AU9hayAAAAAA+w==","count":2},{"data":"AU9hayBXYXNo/2luZ3RvbgAA/Q==","count":1},{"data":"AVBhcmsgAAAA/A==","count":3},{"data":"AVBhcmsgRmly/3N0AAAAAAAA+Q==","count":1},{"data":"AVBhcmsgR3Jl/2VuAAAAAAAA+Q==","count":1},{"data":"AVBhcmsgTGF1/3JlbAAAAAAA+g==","count":1},{"data":"AVBvcGxhciA5/3RoAAAAAAAA+Q==","count":1},{"data":"AVJhaWxyb2Fk/yBTbWl0aAAA/Q==","count":1},{"data":"AVJhaWxyb2Fk/yBTcHJpbmcA/g==","count":1},{"data":"AVJpZGdlIAAA/Q==","count":1},{"data":"AVJpZGdlIEdy/2VlbgAAAAAA+g==","count":2},{"data":"AVJpdmVyIAAA/Q==","count":1},{"data":"AVJpdmVyIFdp/2xzb24AAAAA+w==","count":1},{"data":"AVNlY29uZCAA/g==","count":1},{"data":"AVNpeHRoIAAA/Q==","count":2},{"data":"AVNtaXRoIAAA/Q==","count":1},{"data":"AVNvdXRoIAAA/Q==","count":1},{"data":"AVNwcmluZyAA/g==","count":1},{"data":"AVNwcmluZyBM/29jdXN0AAAA/A==","count":1},{"data":"AVNwcnVjZSAA/g==","count":1},{"data":"AVN1bnNldCAA/g==","count":1},{"data":"AVN1bnNldCA5/3RoAAAAAAAA+Q==","count":1},{"data":"AVN5Y2Ftb3Jl/yAAAAAAAAAA+A==","count":2},{"data":"AVRoaXJkIFZp/2V3AAAAAAAA+Q==","count":1},{"data":"AVR3ZWxmdGgg/wAAAAAAAAAA9w==","count":1},{"data":"AVZhbGxleSAA/g==","count":1},{"data":"AVZpZXcgAAAA/A==","count":2},{"data":"AVZpZXcgTWls/2wAAAAAAAAA+A==","count":1},{"data":"AVZpZXcgU3Vu/3NldAAAAAAA+g==","count":1},{"data":"AVdhbG51dCAA/g==","count":1},{"data":"AVdhbG51dCBN/2FkaXNvbgAA/Q==","count":1},{"data":"AVdhc2hpbmd0/29uIAAAAAAA+g==","count":4},{"data":"AVdhc2hpbmd0/29uIDFzdAAA/Q==","count":1},{"data":"AVdlc3QgAAAA/A==","count":2},{"data":"AVdlc3QgRWxt/wAAAAAAAAAA9w==","count":1},{"data":"AVdpbGxpYW1z/yAAAAAAAAAA+A==","count":1},{"data":"AVdpbGxvdyAA/g==","count":2}],"default_value":0},"fm_sketch":null,"null_count":2,"tot_col_size":1338,"last_update_version":437564356500389889,"correlation":-0.058657853982996326,"stats_ver":2},"s_street_number":{"histogram":{"ndv":102},"cm_sketch":{"top_n":[{"data":"ATEwMAAAAAAA+g==","count":1},{"data":"ATEyMgAAAAAA+g==","count":1},{"data":"ATEyNgAAAAAA+g==","count":1},{"data":"ATEyOAAAAAAA+g==","count":1},{"data":"ATE0MwAAAAAA+g==","count":1},{"data":"ATE0NwAAAAAA+g==","count":2},{"data":"ATE1MAAAAAAA+g==","count":1},{"data":"ATE3NAAAAAAA+g==","count":2},{"data":"ATE3NQAAAAAA+g==","count":2},{"data":"ATE5AAAAAAAA+Q==","count":1},{"data":"ATE5MgAAAAAA+g==","count":1},{"data":"ATIwMAAAAAAA+g==","count":2},{"data":"ATIxMwAAAAAA+g==","count":1},{"data":"ATIyMAAAAAAA+g==","count":1},{"data":"ATIyMwAAAAAA+g==","count":1},{"data":"ATIyNgAAAAAA+g==","count":2},{"data":"ATIyOAAAAAAA+g==","count":1},{"data":"ATIzMAAAAAAA+g==","count":1},{"data":"ATI0MAAAAAAA+g==","count":1},{"data":"ATI1MwAAAAAA+g==","count":1},{"data":"ATI1NQAAAAAA+g==","count":1},{"data":"ATI3AAAAAAAA+Q==","count":2},{"data":"ATI3NgAAAAAA+g==","count":1},{"data":"ATI4MwAAAAAA+g==","count":1},{"data":"ATI5MwAAAAAA+g==","count":1},{"data":"ATMwMAAAAAAA+g==","count":3},{"data":"ATMwMgAAAAAA+g==","count":3},{"data":"ATMwMwAAAAAA+g==","count":1},{"data":"ATMxMwAAAAAA+g==","count":1},{"data":"ATMxNgAAAAAA+g==","count":1},{"data":"ATMxNwAAAAAA+g==","count":2},{"data":"ATMyMQAAAAAA+g==","count":1},{"data":"ATMyNgAAAAAA+g==","count":1},{"data":"ATMzNwAAAAAA+g==","count":1},{"data":"ATM1MQAAAAAA+g==","count":1},{"data":"ATM1MwAAAAAA+g==","count":1},{"data":"ATM1NAAAAAAA+g==","count":1},{"data":"ATM2NAAAAAAA+g==","count":1},{"data":"ATM2NQAAAAAA+g==","count":1},{"data":"ATM3MQAAAAAA+g==","count":1},{"data":"ATM3MgAAAAAA+g==","count":2},{"data":"ATM4OAAAAAAA+g==","count":2},{"data":"ATM5MgAAAAAA+g==","count":3},{"data":"ATQwOAAAAAAA+g==","count":5},{"data":"ATQwOQAAAAAA+g==","count":2},{"data":"ATQyMQAAAAAA+g==","count":1},{"data":"ATQ0MQAAAAAA+g==","count":1},{"data":"ATQ2MgAAAAAA+g==","count":1},{"data":"ATQ2NAAAAAAA+g==","count":1},{"data":"ATQ3OQAAAAAA+g==","count":2},{"data":"ATQ4NwAAAAAA+g==","count":2},{"data":"ATQ5AAAAAAAA+Q==","count":1},{"data":"ATQ5NQAAAAAA+g==","count":1},{"data":"ATQ5NgAAAAAA+g==","count":2},{"data":"ATUyMQAAAAAA+g==","count":2},{"data":"ATU0MwAAAAAA+g==","count":3},{"data":"ATU1NQAAAAAA+g==","count":1},{"data":"ATU1NwAAAAAA+g==","count":1},{"data":"ATU4MgAAAAAA+g==","count":3},{"data":"ATU4OAAAAAAA+g==","count":3},{"data":"ATU5NQAAAAAA+g==","count":1},{"data":"ATYwMgAAAAAA+g==","count":1},{"data":"ATYwMwAAAAAA+g==","count":1},{"data":"ATYwNgAAAAAA+g==","count":1},{"data":"ATYxNgAAAAAA+g==","count":1},{"data":"ATYxOAAAAAAA+g==","count":1},{"data":"ATYyNgAAAAAA+g==","count":2},{"data":"ATYzOAAAAAAA+g==","count":1},{"data":"ATY0NAAAAAAA+g==","count":1},{"data":"ATY1MQAAAAAA+g==","count":1},{"data":"ATY1NgAAAAAA+g==","count":1},{"data":"ATY1OAAAAAAA+g==","count":1},{"data":"ATY2OQAAAAAA+g==","count":2},{"data":"ATY4NwAAAAAA+g==","count":2},{"data":"ATY4OAAAAAAA+g==","count":1},{"data":"ATY5MgAAAAAA+g==","count":1},{"data":"ATcwAAAAAAAA+Q==","count":2},{"data":"ATcyMgAAAAAA+g==","count":1},{"data":"ATcyOAAAAAAA+g==","count":1},{"data":"ATczMQAAAAAA+g==","count":1},{"data":"ATczNQAAAAAA+g==","count":1},{"data":"ATc1AAAAAAAA+Q==","count":1},{"data":"ATc1NwAAAAAA+g==","count":2},{"data":"ATc2NwAAAAAA+g==","count":1},{"data":"ATc3OQAAAAAA+g==","count":1},{"data":"ATgAAAAAAAAA+A==","count":1},{"data":"ATgxMQAAAAAA+g==","count":1},{"data":"ATgxOAAAAAAA+g==","count":3},{"data":"ATgyOQAAAAAA+g==","count":2},{"data":"ATg0AAAAAAAA+Q==","count":1},{"data":"ATg0MQAAAAAA+g==","count":1},{"data":"ATg3MgAAAAAA+g==","count":1},{"data":"ATg3NwAAAAAA+g==","count":1},{"data":"ATg4NgAAAAAA+g==","count":1},{"data":"ATg4OQAAAAAA+g==","count":1},{"data":"ATg5NwAAAAAA+g==","count":1},{"data":"ATkwMgAAAAAA+g==","count":1},{"data":"ATkwMwAAAAAA+g==","count":3},{"data":"ATkyNAAAAAAA+g==","count":1},{"data":"ATkzNAAAAAAA+g==","count":1},{"data":"ATk1NgAAAAAA+g==","count":1},{"data":"ATk4NAAAAAAA+g==","count":2}],"default_value":0},"fm_sketch":null,"null_count":1,"tot_col_size":562,"last_update_version":437564356500389889,"correlation":0.07191224268689057,"stats_ver":2},"s_street_type":{"histogram":{"ndv":20},"cm_sketch":{"top_n":[{"data":"AUF2ZQAAAAAA+g==","count":8},{"data":"AUF2ZW51ZQAA/Q==","count":6},{"data":"AUJsdmQAAAAA+w==","count":7},{"data":"AUJvdWxldmFy/2QAAAAAAAAA+A==","count":10},{"data":"AUNpci4AAAAA+w==","count":6},{"data":"AUNpcmNsZQAA/Q==","count":8},{"data":"AUNvdXJ0AAAA/A==","count":9},{"data":"AUN0LgAAAAAA+g==","count":4},{"data":"AURyLgAAAAAA+g==","count":6},{"data":"AURyaXZlAAAA/A==","count":7},{"data":"AUxhbmUAAAAA+w==","count":15},{"data":"AUxuAAAAAAAA+Q==","count":8},{"data":"AVBhcmt3YXkA/g==","count":6},{"data":"AVBrd3kAAAAA+w==","count":9},{"data":"AVJEAAAAAAAA+Q==","count":7},{"data":"AVJvYWQAAAAA+w==","count":7},{"data":"AVNUAAAAAAAA+Q==","count":4},{"data":"AVN0cmVldAAA/Q==","count":5},{"data":"AVdheQAAAAAA+g==","count":5},{"data":"AVd5AAAAAAAA+Q==","count":6}],"default_value":0},"fm_sketch":null,"null_count":1,"tot_col_size":764,"last_update_version":437564356500389889,"correlation":0.16057651268918874,"stats_ver":2},"s_suite_number":{"histogram":{"ndv":64},"cm_sketch":{"top_n":[{"data":"AVN1aXRlIDAA/g==","count":1},{"data":"AVN1aXRlIDEw/zAAAAAAAAAA+A==","count":1},{"data":"AVN1aXRlIDEx/zAAAAAAAAAA+A==","count":1},{"data":"AVN1aXRlIDEz/zAAAAAAAAAA+A==","count":2},{"data":"AVN1aXRlIDE0/zAAAAAAAAAA+A==","count":2},{"data":"AVN1aXRlIDE1/zAAAAAAAAAA+A==","count":1},{"data":"AVN1aXRlIDE2/zAAAAAAAAAA+A==","count":3},{"data":"AVN1aXRlIDE3/zAAAAAAAAAA+A==","count":1},{"data":"AVN1aXRlIDE4/zAAAAAAAAAA+A==","count":2},{"data":"AVN1aXRlIDE5/zAAAAAAAAAA+A==","count":2},{"data":"AVN1aXRlIDIw/wAAAAAAAAAA9w==","count":4},{"data":"AVN1aXRlIDIw/zAAAAAAAAAA+A==","count":1},{"data":"AVN1aXRlIDIx/zAAAAAAAAAA+A==","count":2},{"data":"AVN1aXRlIDIy/zAAAAAAAAAA+A==","count":3},{"data":"AVN1aXRlIDIz/zAAAAAAAAAA+A==","count":1},{"data":"AVN1aXRlIDI0/zAAAAAAAAAA+A==","count":2},{"data":"AVN1aXRlIDI1/zAAAAAAAAAA+A==","count":3},{"data":"AVN1aXRlIDI2/zAAAAAAAAAA+A==","count":2},{"data":"AVN1aXRlIDI3/zAAAAAAAAAA+A==","count":5},{"data":"AVN1aXRlIDI4/zAAAAAAAAAA+A==","count":3},{"data":"AVN1aXRlIDI5/zAAAAAAAAAA+A==","count":3},{"data":"AVN1aXRlIDMw/wAAAAAAAAAA9w==","count":2},{"data":"AVN1aXRlIDMw/zAAAAAAAAAA+A==","count":1},{"data":"AVN1aXRlIDMy/zAAAAAAAAAA+A==","count":2},{"data":"AVN1aXRlIDM0/zAAAAAAAAAA+A==","count":4},{"data":"AVN1aXRlIDM2/zAAAAAAAAAA+A==","count":1},{"data":"AVN1aXRlIDM3/zAAAAAAAAAA+A==","count":2},{"data":"AVN1aXRlIDM4/zAAAAAAAAAA+A==","count":1},{"data":"AVN1aXRlIDM5/zAAAAAAAAAA+A==","count":1},{"data":"AVN1aXRlIDQw/wAAAAAAAAAA9w==","count":1},{"data":"AVN1aXRlIDQx/zAAAAAAAAAA+A==","count":1},{"data":"AVN1aXRlIDQy/zAAAAAAAAAA+A==","count":1},{"data":"AVN1aXRlIDQ0/zAAAAAAAAAA+A==","count":2},{"data":"AVN1aXRlIDQ3/zAAAAAAAAAA+A==","count":1},{"data":"AVN1aXRlIDQ5/zAAAAAAAAAA+A==","count":2},{"data":"AVN1aXRlIDUw/wAAAAAAAAAA9w==","count":6},{"data":"AVN1aXRlIDcw/wAAAAAAAAAA9w==","count":1},{"data":"AVN1aXRlIDgw/wAAAAAAAAAA9w==","count":2},{"data":"AVN1aXRlIDkw/wAAAAAAAAAA9w==","count":1},{"data":"AVN1aXRlIEEA/g==","count":4},{"data":"AVN1aXRlIEIA/g==","count":1},{"data":"AVN1aXRlIEMA/g==","count":3},{"data":"AVN1aXRlIEQA/g==","count":4},{"data":"AVN1aXRlIEUA/g==","count":3},{"data":"AVN1aXRlIEYA/g==","count":1},{"data":"AVN1aXRlIEcA/g==","count":4},{"data":"AVN1aXRlIEgA/g==","count":1},{"data":"AVN1aXRlIEkA/g==","count":1},{"data":"AVN1aXRlIEoA/g==","count":2},{"data":"AVN1aXRlIEsA/g==","count":1},{"data":"AVN1aXRlIEwA/g==","count":4},{"data":"AVN1aXRlIE0A/g==","count":4},{"data":"AVN1aXRlIE4A/g==","count":3},{"data":"AVN1aXRlIE8A/g==","count":3},{"data":"AVN1aXRlIFAA/g==","count":3},{"data":"AVN1aXRlIFEA/g==","count":2},{"data":"AVN1aXRlIFIA/g==","count":4},{"data":"AVN1aXRlIFMA/g==","count":2},{"data":"AVN1aXRlIFQA/g==","count":8},{"data":"AVN1aXRlIFUA/g==","count":2},{"data":"AVN1aXRlIFYA/g==","count":1},{"data":"AVN1aXRlIFcA/g==","count":4},{"data":"AVN1aXRlIFgA/g==","count":1},{"data":"AVN1aXRlIFkA/g==","count":1}],"default_value":0},"fm_sketch":null,"null_count":0,"tot_col_size":1287,"last_update_version":437564356500389889,"correlation":0.16299332851056988,"stats_ver":2},"s_tax_precentage":{"histogram":{"ndv":12},"cm_sketch":{"top_n":[{"data":"BgUCgAAA","count":7},{"data":"BgUCgAAB","count":15},{"data":"BgUCgAAC","count":16},{"data":"BgUCgAAD","count":16},{"data":"BgUCgAAE","count":11},{"data":"BgUCgAAF","count":6},{"data":"BgUCgAAG","count":14},{"data":"BgUCgAAH","count":12},{"data":"BgUCgAAI","count":13},{"data":"BgUCgAAJ","count":11},{"data":"BgUCgAAK","count":10},{"data":"BgUCgAAL","count":11}],"default_value":0},"fm_sketch":null,"null_count":2,"tot_col_size":710,"last_update_version":437564356500389889,"correlation":0.216619760221798,"stats_ver":2},"s_zip":{"histogram":{"ndv":14},"cm_sketch":{"top_n":[{"data":"ATMxOTA0AAAA/A==","count":14},{"data":"ATMxOTMzAAAA/A==","count":9},{"data":"ATMzNjA0AAAA/A==","count":7},{"data":"ATM1NzA5AAAA/A==","count":13},{"data":"ATM2MDk4AAAA/A==","count":13},{"data":"ATM4MzcwAAAA/A==","count":23},{"data":"ATM5MjMxAAAA/A==","count":12},{"data":"ATUxOTA0AAAA/A==","count":8},{"data":"ATUxOTMzAAAA/A==","count":9},{"data":"ATUzNjA0AAAA/A==","count":5},{"data":"ATU1NzA5AAAA/A==","count":12},{"data":"ATU2MDk4AAAA/A==","count":8},{"data":"ATU4MzcwAAAA/A==","count":6},{"data":"ATU5MjMxAAAA/A==","count":3}],"default_value":0},"fm_sketch":null,"null_count":2,"tot_col_size":852,"last_update_version":437564356500389889,"correlation":0.1682491916234799,"stats_ver":2}},"indices":{},"ext_stats":null,"count":144,"modify_count":0,"partitions":null}