{"database_name":"tpcds50","table_name":"customer_demographics","columns":{"cd_credit_rating":{"histogram":{"ndv":4},"cm_sketch":{"top_n":[{"data":"AUdvb2QAAAAA+w==","count":465069},{"data":"AUhpZ2ggUmlz/2sAAAAAAAAA+A==","count":468962},{"data":"AUxvdyBSaXNr/wAAAAAAAAAA9w==","count":465579},{"data":"AVVua25vd24A/g==","count":468452}],"default_value":0},"fm_sketch":null,"null_count":0,"tot_col_size":15366400,"last_update_version":437564342291922945,"correlation":0.2518656267505273,"stats_ver":2},"cd_demo_sk":{"histogram":{"ndv":1917952,"buckets":[{"count":7516,"lower_bound":"NDE=","upper_bound":"NzI4MQ==","repeats":1,"ndv":0},{"count":15032,"lower_bound":"NzI4Mg==","upper_bound":"MTUxODc=","repeats":1,"ndv":0},{"count":22549,"lower_bound":"MTUxOTk=","upper_bound":"MjI0OTA=","repeats":1,"ndv":0},{"count":30065,"lower_bound":"MjI0OTg=","upper_bound":"Mjk5NDg=","repeats":1,"ndv":0},{"count":37581,"lower_bound":"Mjk5Nzc=","upper_bound":"MzY4NzQ=","repeats":1,"ndv":0},{"count":45098,"lower_bound":"MzY5MTM=","upper_bound":"NDQ5NTM=","repeats":1,"ndv":0},{"count":52614,"lower_bound":"NDQ5NjI=","upper_bound":"NTI1OTQ=","repeats":1,"ndv":0},{"count":60130,"lower_bound":"NTI2MDY=","upper_bound":"NjAyOTI=","repeats":1,"ndv":0},{"count":67647,"lower_bound":"NjAzMDk=","upper_bound":"Njg1NDM=","repeats":1,"ndv":0},{"count":75163,"lower_bound":"Njg1Nzc=","upper_bound":"NzcwMTE=","repeats":1,"ndv":0},{"count":82680,"lower_bound":"NzcwMTY=","upper_bound":"ODQ1NzI=","repeats":1,"ndv":0},{"count":90196,"lower_bound":"ODQ1OTQ=","upper_bound":"OTIwNTY=","repeats":1,"ndv":0},{"count":97712,"lower_bound":"OTIwNzk=","upper_bound":"OTkyNTM=","repeats":1,"ndv":0},{"count":105229,"lower_bound":"OTkyNTY=","upper_bound":"MTA2NjY1","repeats":1,"ndv":0},{"count":112745,"lower_bound":"MTA2NjY3","upper_bound":"MTE0ODIw","repeats":1,"ndv":0},{"count":120261,"lower_bound":"MTE0ODYx","upper_bound":"MTIyMzc0","repeats":1,"ndv":0},{"count":127778,"lower_bound":"MTIyMzc1","upper_bound":"MTMwMTA3","repeats":1,"ndv":0},{"count":135294,"lower_bound":"MTMwMTEx","upper_bound":"MTM3Nzc2","repeats":1,"ndv":0},{"count":142811,"lower_bound":"MTM3Nzc4","upper_bound":"MTQ1NTU5","repeats":1,"ndv":0},{"count":150327,"lower_bound":"MTQ1NTgy","upper_bound":"MTUyOTQz","repeats":1,"ndv":0},{"count":157843,"lower_bound":"MTUyOTYz","upper_bound":"MTYwMTM4","repeats":1,"ndv":0},{"count":165360,"lower_bound":"MTYwMTY4","upper_bound":"MTY2ODcw","repeats":1,"ndv":0},{"count":172876,"lower_bound":"MTY2ODc1","upper_bound":"MTczODU5","repeats":1,"ndv":0},{"count":180392,"lower_bound":"MTczODc0","upper_bound":"MTgxNTM4","repeats":1,"ndv":0},{"count":187909,"lower_bound":"MTgxNTQ5","upper_bound":"MTg4ODY1","repeats":1,"ndv":0},{"count":195425,"lower_bound":"MTg4ODg5","upper_bound":"MTk1ODk5","repeats":1,"ndv":0},{"count":202942,"lower_bound":"MTk1OTI5","upper_bound":"MjAzNjQy","repeats":1,"ndv":0},{"count":210458,"lower_bound":"MjAzNjQ0","upper_bound":"MjEwOTM3","repeats":1,"ndv":0},{"count":217974,"lower_bound":"MjEwOTQy","upper_bound":"MjE5NTM4","repeats":1,"ndv":0},{"count":225491,"lower_bound":"MjE5NTQx","upper_bound":"MjI3NDM3","repeats":1,"ndv":0},{"count":233007,"lower_bound":"MjI3NDY1","upper_bound":"MjM0NDky","repeats":1,"ndv":0},{"count":240523,"lower_bound":"MjM0NTg0","upper_bound":"MjQxODgy","repeats":1,"ndv":0},{"count":248040,"lower_bound":"MjQxODkw","upper_bound":"MjQ5Nzc4","repeats":1,"ndv":0},{"count":255556,"lower_bound":"MjQ5Nzk1","upper_bound":"MjU3Nzg5","repeats":1,"ndv":0},{"count":263073,"lower_bound":"MjU3Nzkz","upper_bound":"MjY1Mjc3","repeats":1,"ndv":0},{"count":270589,"lower_bound":"MjY1Mjkz","upper_bound":"MjcyNDk5","repeats":1,"ndv":0},{"count":278105,"lower_bound":"MjcyNTIz","upper_bound":"Mjc5MzAz","repeats":1,"ndv":0},{"count":285622,"lower_bound":"Mjc5MzI0","upper_bound":"Mjg3MzI1","repeats":1,"ndv":0},{"count":293138,"lower_bound":"Mjg3MzMy","upper_bound":"Mjk0MzIz","repeats":1,"ndv":0},{"count":300654,"lower_bound":"Mjk0MzI4","upper_bound":"MzAxOTU1","repeats":1,"ndv":0},{"count":308171,"lower_bound":"MzAxOTY2","upper_bound":"MzA5MzY4","repeats":1,"ndv":0},{"count":315687,"lower_bound":"MzA5Mzc3","upper_bound":"MzE3MDEy","repeats":1,"ndv":0},{"count":323203,"lower_bound":"MzE3MDMw","upper_bound":"MzI1Mzkz","repeats":1,"ndv":0},{"count":330720,"lower_bound":"MzI1Mzk4","upper_bound":"MzMzMzQz","repeats":1,"ndv":0},{"count":338236,"lower_bound":"MzMzMzUx","upper_bound":"MzQwODg5","repeats":1,"ndv":0},{"count":345753,"lower_bound":"MzQwOTUy","upper_bound":"MzQ4NTI1","repeats":1,"ndv":0},{"count":353269,"lower_bound":"MzQ4NTYz","upper_bound":"MzU1MDMz","repeats":1,"ndv":0},{"count":360785,"lower_bound":"MzU1MDg4","upper_bound":"MzYzMjIz","repeats":1,"ndv":0},{"count":368302,"lower_bound":"MzYzMjU3","upper_bound":"MzcwNTYw","repeats":1,"ndv":0},{"count":375818,"lower_bound":"MzcwNTcw","upper_bound":"Mzc3NjI1","repeats":1,"ndv":0},{"count":383334,"lower_bound":"Mzc3NjM2","upper_bound":"Mzg1NDY5","repeats":1,"ndv":0},{"count":390851,"lower_bound":"Mzg1NDgz","upper_bound":"MzkzNTI1","repeats":1,"ndv":0},{"count":398367,"lower_bound":"MzkzNTMz","upper_bound":"NDAxMzAx","repeats":1,"ndv":0},{"count":405884,"lower_bound":"NDAxMzc1","upper_bound":"NDA5MDQx","repeats":1,"ndv":0},{"count":413400,"lower_bound":"NDA5MDY1","upper_bound":"NDE2NDQ5","repeats":1,"ndv":0},{"count":420916,"lower_bound":"NDE2NDY4","upper_bound":"NDIzMjg5","repeats":1,"ndv":0},{"count":428433,"lower_bound":"NDIzMzA5","upper_bound":"NDMxMDAx","repeats":1,"ndv":0},{"count":435949,"lower_bound":"NDMxMDEz","upper_bound":"NDM3OTcw","repeats":1,"ndv":0},{"count":443465,"lower_bound":"NDM4MDIy","upper_bound":"NDQ1MTYx","repeats":1,"ndv":0},{"count":450982,"lower_bound":"NDQ1MTg0","upper_bound":"NDUyMzk4","repeats":1,"ndv":0},{"count":458498,"lower_bound":"NDUyNDAx","upper_bound":"NDU5OTE0","repeats":1,"ndv":0},{"count":466015,"lower_bound":"NDU5OTUy","upper_bound":"NDY3NTg0","repeats":1,"ndv":0},{"count":473531,"lower_bound":"NDY3NTg4","upper_bound":"NDc0ODk0","repeats":1,"ndv":0},{"count":481047,"lower_bound":"NDc0OTAz","upper_bound":"NDgyMDY2","repeats":1,"ndv":0},{"count":488564,"lower_bound":"NDgyMTE2","upper_bound":"NDg5ODY2","repeats":1,"ndv":0},{"count":496080,"lower_bound":"NDg5ODk0","upper_bound":"NDk3NzAx","repeats":1,"ndv":0},{"count":503596,"lower_bound":"NDk3NzM3","upper_bound":"NTA1Mzk3","repeats":1,"ndv":0},{"count":511113,"lower_bound":"NTA1NDAy","upper_bound":"NTEyNzg3","repeats":1,"ndv":0},{"count":518629,"lower_bound":"NTEyNzk1","upper_bound":"NTIwNjY1","repeats":1,"ndv":0},{"count":526146,"lower_bound":"NTIwNjg2","upper_bound":"NTI4NjE0","repeats":1,"ndv":0},{"count":533662,"lower_bound":"NTI4NjE5","upper_bound":"NTM2MDk0","repeats":1,"ndv":0},{"count":541178,"lower_bound":"NTM2MDk1","upper_bound":"NTQzOTg0","repeats":1,"ndv":0},{"count":548695,"lower_bound":"NTQ0MDQ0","upper_bound":"NTUyMDUw","repeats":1,"ndv":0},{"count":556211,"lower_bound":"NTUyMDcy","upper_bound":"NTYwMDQw","repeats":1,"ndv":0},{"count":563727,"lower_bound":"NTYwMDQx","upper_bound":"NTY3NjUy","repeats":1,"ndv":0},{"count":571244,"lower_bound":"NTY3NjU5","upper_bound":"NTc0NDUw","repeats":1,"ndv":0},{"count":578760,"lower_bound":"NTc0NDg2","upper_bound":"NTgxOTg4","repeats":1,"ndv":0},{"count":586276,"lower_bound":"NTgyMDA4","upper_bound":"NTg5NTA1","repeats":1,"ndv":0},{"count":593793,"lower_bound":"NTg5NTUx","upper_bound":"NTk3MTg2","repeats":1,"ndv":0},{"count":601309,"lower_bound":"NTk3MjI4","upper_bound":"NjA0OTI0","repeats":1,"ndv":0},{"count":608826,"lower_bound":"NjA0OTMz","upper_bound":"NjEyMzUz","repeats":1,"ndv":0},{"count":616342,"lower_bound":"NjEyMzcx","upper_bound":"NjE5MzIx","repeats":1,"ndv":0},{"count":623858,"lower_bound":"NjE5MzQ3","upper_bound":"NjI2NTM2","repeats":1,"ndv":0},{"count":631375,"lower_bound":"NjI2NTU1","upper_bound":"NjM0MDg3","repeats":1,"ndv":0},{"count":638891,"lower_bound":"NjM0MDk4","upper_bound":"NjQxOTE1","repeats":1,"ndv":0},{"count":646407,"lower_bound":"NjQxOTIw","upper_bound":"NjQ4ODU5","repeats":1,"ndv":0},{"count":653924,"lower_bound":"NjQ4ODYx","upper_bound":"NjU2NjI0","repeats":1,"ndv":0},{"count":661440,"lower_bound":"NjU2NjU5","upper_bound":"NjY0MDA0","repeats":1,"ndv":0},{"count":668957,"lower_bound":"NjY0MDUx","upper_bound":"NjcxOTU2","repeats":1,"ndv":0},{"count":676473,"lower_bound":"NjcxOTk1","upper_bound":"Njc4OTQ4","repeats":1,"ndv":0},{"count":683989,"lower_bound":"Njc4OTYx","upper_bound":"Njg2MTgx","repeats":1,"ndv":0},{"count":691506,"lower_bound":"Njg2MTg3","upper_bound":"Njk0MDQ4","repeats":1,"ndv":0},{"count":699022,"lower_bound":"Njk0MDU1","upper_bound":"NzAwOTQy","repeats":1,"ndv":0},{"count":706538,"lower_bound":"NzAwOTY2","upper_bound":"NzA4NTQ1","repeats":1,"ndv":0},{"count":714055,"lower_bound":"NzA4NTQ2","upper_bound":"NzE1OTE4","repeats":1,"ndv":0},{"count":721571,"lower_bound":"NzE1OTIy","upper_bound":"NzIzNTMy","repeats":1,"ndv":0},{"count":729088,"lower_bound":"NzIzNTQy","upper_bound":"NzMwNTU0","repeats":1,"ndv":0},{"count":736604,"lower_bound":"NzMwNTU5","upper_bound":"NzM4NTQ0","repeats":1,"ndv":0},{"count":744120,"lower_bound":"NzM4NjAz","upper_bound":"NzQ2MDU4","repeats":1,"ndv":0},{"count":751637,"lower_bound":"NzQ2MDYz","upper_bound":"NzU0MTMy","repeats":1,"ndv":0},{"count":759153,"lower_bound":"NzU0MTU5","upper_bound":"NzYxMzUw","repeats":1,"ndv":0},{"count":766669,"lower_bound":"NzYxMzU2","upper_bound":"NzY5MDU1","repeats":1,"ndv":0},{"count":774186,"lower_bound":"NzY5MDYx","upper_bound":"Nzc3MzI3","repeats":1,"ndv":0},{"count":781702,"lower_bound":"Nzc3MzUz","upper_bound":"Nzg0OTAy","repeats":1,"ndv":0},{"count":789219,"lower_bound":"Nzg0OTAz","upper_bound":"NzkzMDA1","repeats":1,"ndv":0},{"count":796735,"lower_bound":"NzkzMDI4","upper_bound":"ODAwMDA5","repeats":1,"ndv":0},{"count":804251,"lower_bound":"ODAwMDQ2","upper_bound":"ODA3ODY2","repeats":1,"ndv":0},{"count":811768,"lower_bound":"ODA3ODY3","upper_bound":"ODE1NTU4","repeats":1,"ndv":0},{"count":819284,"lower_bound":"ODE1NTcy","upper_bound":"ODIyMzY2","repeats":1,"ndv":0},{"count":826800,"lower_bound":"ODIyMzcy","upper_bound":"ODI5ODQ4","repeats":1,"ndv":0},{"count":834317,"lower_bound":"ODI5ODg0","upper_bound":"ODM3NDA5","repeats":1,"ndv":0},{"count":841833,"lower_bound":"ODM3NDE3","upper_bound":"ODQ0ODkw","repeats":1,"ndv":0},{"count":849349,"lower_bound":"ODQ0ODk1","upper_bound":"ODUxOTc3","repeats":1,"ndv":0},{"count":856866,"lower_bound":"ODUyMDYz","upper_bound":"ODU5NDMw","repeats":1,"ndv":0},{"count":864382,"lower_bound":"ODU5NDM0","upper_bound":"ODY3Mjc0","repeats":1,"ndv":0},{"count":871899,"lower_bound":"ODY3Mjc4","upper_bound":"ODc0ODE3","repeats":1,"ndv":0},{"count":879415,"lower_bound":"ODc0ODM3","upper_bound":"ODgyMzUy","repeats":1,"ndv":0},{"count":886931,"lower_bound":"ODgyMzU1","upper_bound":"ODg5MjQx","repeats":1,"ndv":0},{"count":894448,"lower_bound":"ODg5MjQ1","upper_bound":"ODk2NzQ2","repeats":1,"ndv":0},{"count":901964,"lower_bound":"ODk2NzU1","upper_bound":"OTA0NDE4","repeats":1,"ndv":0},{"count":909480,"lower_bound":"OTA0NDIx","upper_bound":"OTEyNDcw","repeats":1,"ndv":0},{"count":916997,"lower_bound":"OTEyNTE4","upper_bound":"OTIwMDIz","repeats":1,"ndv":0},{"count":924513,"lower_bound":"OTIwMDM3","upper_bound":"OTI3MzI3","repeats":1,"ndv":0},{"count":932030,"lower_bound":"OTI3MzI5","upper_bound":"OTM0OTY4","repeats":1,"ndv":0},{"count":939546,"lower_bound":"OTM0OTkw","upper_bound":"OTQyMjU2","repeats":1,"ndv":0},{"count":947062,"lower_bound":"OTQyMjcy","upper_bound":"OTQ5Nzcw","repeats":1,"ndv":0},{"count":954579,"lower_bound":"OTQ5Nzgx","upper_bound":"OTU3NDg3","repeats":1,"ndv":0},{"count":962095,"lower_bound":"OTU3NTE3","upper_bound":"OTY1NDg1","repeats":1,"ndv":0},{"count":969611,"lower_bound":"OTY1NTQy","upper_bound":"OTcyODMz","repeats":1,"ndv":0},{"count":977128,"lower_bound":"OTcyODY3","upper_bound":"OTgwNjIw","repeats":1,"ndv":0},{"count":984644,"lower_bound":"OTgwNjI1","upper_bound":"OTg4Mjk5","repeats":1,"ndv":0},{"count":992161,"lower_bound":"OTg4MzAy","upper_bound":"OTk2MzU4","repeats":1,"ndv":0},{"count":999677,"lower_bound":"OTk2Mzcy","upper_bound":"MTAwMzY4Mw==","repeats":1,"ndv":0},{"count":1007193,"lower_bound":"MTAwMzY4NA==","upper_bound":"MTAxMTE1OQ==","repeats":1,"ndv":0},{"count":1014710,"lower_bound":"MTAxMTE3MQ==","upper_bound":"MTAxODU1OQ==","repeats":1,"ndv":0},{"count":1022226,"lower_bound":"MTAxODU2Mg==","upper_bound":"MTAyNTgxNw==","repeats":1,"ndv":0},{"count":1029742,"lower_bound":"MTAyNTgyNw==","upper_bound":"MTAzMzcwNw==","repeats":1,"ndv":0},{"count":1037259,"lower_bound":"MTAzMzcxMQ==","upper_bound":"MTA0MTM1Mw==","repeats":1,"ndv":0},{"count":1044775,"lower_bound":"MTA0MTM2Mg==","upper_bound":"MTA0ODM0Mw==","repeats":1,"ndv":0},{"count":1052292,"lower_bound":"MTA0ODM0NA==","upper_bound":"MTA1NTIyNA==","repeats":1,"ndv":0},{"count":1059808,"lower_bound":"MTA1NTI1MQ==","upper_bound":"MTA2MjY1Ng==","repeats":1,"ndv":0},{"count":1067324,"lower_bound":"MTA2MjY2Mw==","upper_bound":"MTA3MDQ4Mg==","repeats":1,"ndv":0},{"count":1074841,"lower_bound":"MTA3MDUxOQ==","upper_bound":"MTA3ODE4OQ==","repeats":1,"ndv":0},{"count":1082357,"lower_bound":"MTA3ODIyOQ==","upper_bound":"MTA4NTkyNg==","repeats":1,"ndv":0},{"count":1089873,"lower_bound":"MTA4NTk0Mw==","upper_bound":"MTA5MzQxMw==","repeats":1,"ndv":0},{"count":1097390,"lower_bound":"MTA5MzQyNA==","upper_bound":"MTEwMDkzNg==","repeats":1,"ndv":0},{"count":1104906,"lower_bound":"MTEwMDk0NQ==","upper_bound":"MTEwODM4MQ==","repeats":1,"ndv":0},{"count":1112422,"lower_bound":"MTEwODM5OQ==","upper_bound":"MTExNjExMA==","repeats":1,"ndv":0},{"count":1119939,"lower_bound":"MTExNjEzNQ==","upper_bound":"MTEyMzUxNQ==","repeats":1,"ndv":0},{"count":1127455,"lower_bound":"MTEyMzUyNg==","upper_bound":"MTEzMTQ0Mw==","repeats":1,"ndv":0},{"count":1134972,"lower_bound":"MTEzMTQ0Nw==","upper_bound":"MTEzODYyNQ==","repeats":1,"ndv":0},{"count":1142488,"lower_bound":"MTEzODY0NQ==","upper_bound":"MTE0NTgxNQ==","repeats":1,"ndv":0},{"count":1150004,"lower_bound":"MTE0NTgxNg==","upper_bound":"MTE1MzI3Mw==","repeats":1,"ndv":0},{"count":1157521,"lower_bound":"MTE1MzI4OQ==","upper_bound":"MTE2MDgwMg==","repeats":1,"ndv":0},{"count":1165037,"lower_bound":"MTE2MDgwMw==","upper_bound":"MTE2ODIyOQ==","repeats":1,"ndv":0},{"count":1172553,"lower_bound":"MTE2ODIzNQ==","upper_bound":"MTE3NTYwNA==","repeats":1,"ndv":0},{"count":1180070,"lower_bound":"MTE3NTYyNw==","upper_bound":"MTE4Mjc0NA==","repeats":1,"ndv":0},{"count":1187586,"lower_bound":"MTE4Mjc2Mw==","upper_bound":"MTE5MDM4MQ==","repeats":1,"ndv":0},{"count":1195103,"lower_bound":"MTE5MDQwOQ==","upper_bound":"MTE5ODI0OA==","repeats":1,"ndv":0},{"count":1202619,"lower_bound":"MTE5ODI0OQ==","upper_bound":"MTIwNjAyMg==","repeats":1,"ndv":0},{"count":1210135,"lower_bound":"MTIwNjA0NQ==","upper_bound":"MTIxNDA5OA==","repeats":1,"ndv":0},{"count":1217652,"lower_bound":"MTIxNDEwMw==","upper_bound":"MTIyMTIxMA==","repeats":1,"ndv":0},{"count":1225168,"lower_bound":"MTIyMTIyMA==","upper_bound":"MTIyODQ4NA==","repeats":1,"ndv":0},{"count":1232684,"lower_bound":"MTIyODQ5OQ==","upper_bound":"MTIzNTkwNg==","repeats":1,"ndv":0},{"count":1240201,"lower_bound":"MTIzNTkyMA==","upper_bound":"MTI0MzgxMg==","repeats":1,"ndv":0},{"count":1247717,"lower_bound":"MTI0Mzg1MA==","upper_bound":"MTI1MTYwOQ==","repeats":1,"ndv":0},{"count":1255234,"lower_bound":"MTI1MTYzMg==","upper_bound":"MTI1ODU1NA==","repeats":1,"ndv":0},{"count":1262750,"lower_bound":"MTI1ODYyOQ==","upper_bound":"MTI2NjE3Mw==","repeats":1,"ndv":0},{"count":1270266,"lower_bound":"MTI2NjE4OQ==","upper_bound":"MTI3MzIxNQ==","repeats":1,"ndv":0},{"count":1277783,"lower_bound":"MTI3MzI0Mw==","upper_bound":"MTI4MDg2OA==","repeats":1,"ndv":0},{"count":1285299,"lower_bound":"MTI4MDg4Mw==","upper_bound":"MTI4ODI2MQ==","repeats":1,"ndv":0},{"count":1292815,"lower_bound":"MTI4ODI3NQ==","upper_bound":"MTI5NTcxNw==","repeats":1,"ndv":0},{"count":1300332,"lower_bound":"MTI5NTcyNg==","upper_bound":"MTMwMzE2Mg==","repeats":1,"ndv":0},{"count":1307848,"lower_bound":"MTMwMzE2Nw==","upper_bound":"MTMxMDYxOQ==","repeats":1,"ndv":0},{"count":1315365,"lower_bound":"MTMxMDYzMA==","upper_bound":"MTMxODIyOQ==","repeats":1,"ndv":0},{"count":1322881,"lower_bound":"MTMxODI2NQ==","upper_bound":"MTMyNTcxMQ==","repeats":1,"ndv":0},{"count":1330397,"lower_bound":"MTMyNTczNQ==","upper_bound":"MTMzMzY3NQ==","repeats":1,"ndv":0},{"count":1337914,"lower_bound":"MTMzMzY3Nw==","upper_bound":"MTM0MTI1OA==","repeats":1,"ndv":0},{"count":1345430,"lower_bound":"MTM0MTI2MA==","upper_bound":"MTM0ODczNw==","repeats":1,"ndv":0},{"count":1352946,"lower_bound":"MTM0ODc1MA==","upper_bound":"MTM1NjI0OQ==","repeats":1,"ndv":0},{"count":1360463,"lower_bound":"MTM1NjI2Ng==","upper_bound":"MTM2Mzk1MQ==","repeats":1,"ndv":0},{"count":1367979,"lower_bound":"MTM2Mzk3Nw==","upper_bound":"MTM3MTM3NA==","repeats":1,"ndv":0},{"count":1375495,"lower_bound":"MTM3MTQyMQ==","upper_bound":"MTM3ODU3NQ==","repeats":1,"ndv":0},{"count":1383012,"lower_bound":"MTM3ODU5Mw==","upper_bound":"MTM4NjEwNg==","repeats":1,"ndv":0},{"count":1390528,"lower_bound":"MTM4NjEzMA==","upper_bound":"MTM5Mzc3MQ==","repeats":1,"ndv":0},{"count":1398045,"lower_bound":"MTM5Mzc5Mw==","upper_bound":"MTQwMDk0OQ==","repeats":1,"ndv":0},{"count":1405561,"lower_bound":"MTQwMDk2NQ==","upper_bound":"MTQwODI4OQ==","repeats":1,"ndv":0},{"count":1413077,"lower_bound":"MTQwODI5Mw==","upper_bound":"MTQxNjQ3NA==","repeats":1,"ndv":0},{"count":1420594,"lower_bound":"MTQxNjQ3NQ==","upper_bound":"MTQyMzgxMA==","repeats":1,"ndv":0},{"count":1428110,"lower_bound":"MTQyMzg1MQ==","upper_bound":"MTQzMTQwNw==","repeats":1,"ndv":0},{"count":1435626,"lower_bound":"MTQzMTQ0MQ==","upper_bound":"MTQzODg3NA==","repeats":1,"ndv":0},{"count":1443143,"lower_bound":"MTQzODg3Ng==","upper_bound":"MTQ0NjE2MA==","repeats":1,"ndv":0},{"count":1450659,"lower_bound":"MTQ0NjE3NQ==","upper_bound":"MTQ1Mzk3Mw==","repeats":1,"ndv":0},{"count":1458176,"lower_bound":"MTQ1Mzk3NA==","upper_bound":"MTQ2MTc3OA==","repeats":1,"ndv":0},{"count":1465692,"lower_bound":"MTQ2MTc5MQ==","upper_bound":"MTQ2OTM2MA==","repeats":1,"ndv":0},{"count":1473208,"lower_bound":"MTQ2OTM2Ng==","upper_bound":"MTQ3NzE4MQ==","repeats":1,"ndv":0},{"count":1480725,"lower_bound":"MTQ3NzE5NQ==","upper_bound":"MTQ4NTA1OA==","repeats":1,"ndv":0},{"count":1488241,"lower_bound":"MTQ4NTA3Mg==","upper_bound":"MTQ5MjE4NQ==","repeats":1,"ndv":0},{"count":1495757,"lower_bound":"MTQ5MjE5Mw==","upper_bound":"MTQ5OTgwMw==","repeats":1,"ndv":0},{"count":1503274,"lower_bound":"MTQ5OTgxMA==","upper_bound":"MTUwNzE0Mg==","repeats":1,"ndv":0},{"count":1510790,"lower_bound":"MTUwNzE1Ng==","upper_bound":"MTUxNDUzMg==","repeats":1,"ndv":0},{"count":1518307,"lower_bound":"MTUxNDU2NA==","upper_bound":"MTUyMTg3Ng==","repeats":1,"ndv":0},{"count":1525823,"lower_bound":"MTUyMTg4NQ==","upper_bound":"MTUyOTQ5Mw==","repeats":1,"ndv":0},{"count":1533339,"lower_bound":"MTUyOTUwMw==","upper_bound":"MTUzNzAxOA==","repeats":1,"ndv":0},{"count":1540856,"lower_bound":"MTUzNzAzMw==","upper_bound":"MTU0NDY4NQ==","repeats":1,"ndv":0},{"count":1548372,"lower_bound":"MTU0NDY5Mg==","upper_bound":"MTU1MjEzMg==","repeats":1,"ndv":0},{"count":1555888,"lower_bound":"MTU1MjE0NA==","upper_bound":"MTU1OTM3Nw==","repeats":1,"ndv":0},{"count":1563405,"lower_bound":"MTU1OTM4NQ==","upper_bound":"MTU2NjIzNw==","repeats":1,"ndv":0},{"count":1570921,"lower_bound":"MTU2NjI1Ng==","upper_bound":"MTU3MzcwMA==","repeats":1,"ndv":0},{"count":1578438,"lower_bound":"MTU3MzcxMQ==","upper_bound":"MTU4MTI4MQ==","repeats":1,"ndv":0},{"count":1585954,"lower_bound":"MTU4MTMxMA==","upper_bound":"MTU4ODQwNA==","repeats":1,"ndv":0},{"count":1593470,"lower_bound":"MTU4ODQxMQ==","upper_bound":"MTU5NjQyNg==","repeats":1,"ndv":0},{"count":1600987,"lower_bound":"MTU5NjQzMA==","upper_bound":"MTYwNDE3MA==","repeats":1,"ndv":0},{"count":1608503,"lower_bound":"MTYwNDE4MA==","upper_bound":"MTYxMTUxNg==","repeats":1,"ndv":0},{"count":1616019,"lower_bound":"MTYxMTUxOQ==","upper_bound":"MTYxOTA1NQ==","repeats":1,"ndv":0},{"count":1623536,"lower_bound":"MTYxOTA2OQ==","upper_bound":"MTYyNzQxMw==","repeats":1,"ndv":0},{"count":1631052,"lower_bound":"MTYyNzQ0Ng==","upper_bound":"MTYzNDcyNg==","repeats":1,"ndv":0},{"count":1638568,"lower_bound":"MTYzNDczOQ==","upper_bound":"MTY0MTg1OA==","repeats":1,"ndv":0},{"count":1646085,"lower_bound":"MTY0MTg2NQ==","upper_bound":"MTY0OTE3NQ==","repeats":1,"ndv":0},{"count":1653601,"lower_bound":"MTY0OTE4MQ==","upper_bound":"MTY1NjY3Nw==","repeats":1,"ndv":0},{"count":1661118,"lower_bound":"MTY1Njc0Mg==","upper_bound":"MTY2NDQyNA==","repeats":1,"ndv":0},{"count":1668634,"lower_bound":"MTY2NDQyNg==","upper_bound":"MTY3MTUyMw==","repeats":1,"ndv":0},{"count":1676150,"lower_bound":"MTY3MTUzMg==","upper_bound":"MTY3ODg3Nw==","repeats":1,"ndv":0},{"count":1683667,"lower_bound":"MTY3ODg5MA==","upper_bound":"MTY4NzAyMQ==","repeats":1,"ndv":0},{"count":1691183,"lower_bound":"MTY4NzAzNA==","upper_bound":"MTY5NDcyMg==","repeats":1,"ndv":0},{"count":1698699,"lower_bound":"MTY5NDc1OA==","upper_bound":"MTcwMjE0Mg==","repeats":1,"ndv":0},{"count":1706216,"lower_bound":"MTcwMjE2Nw==","upper_bound":"MTcwOTQ3NQ==","repeats":1,"ndv":0},{"count":1713732,"lower_bound":"MTcwOTQ4Ng==","upper_bound":"MTcxNjY2OQ==","repeats":1,"ndv":0},{"count":1721249,"lower_bound":"MTcxNjY4OQ==","upper_bound":"MTcyMzUxNA==","repeats":1,"ndv":0},{"count":1728765,"lower_bound":"MTcyMzUzOA==","upper_bound":"MTczMDc2Nw==","repeats":1,"ndv":0},{"count":1736281,"lower_bound":"MTczMDc5Mg==","upper_bound":"MTczNzg2OQ==","repeats":1,"ndv":0},{"count":1743798,"lower_bound":"MTczNzkwMA==","upper_bound":"MTc0NTY1NQ==","repeats":1,"ndv":0},{"count":1751314,"lower_bound":"MTc0NTY3NQ==","upper_bound":"MTc1MjkxMg==","repeats":1,"ndv":0},{"count":1758830,"lower_bound":"MTc1Mjk1OA==","upper_bound":"MTc2MDM5Ng==","repeats":1,"ndv":0},{"count":1766347,"lower_bound":"MTc2MDQyNg==","upper_bound":"MTc2ODQzNQ==","repeats":1,"ndv":0},{"count":1773863,"lower_bound":"MTc2ODQ0Mg==","upper_bound":"MTc3NTY4Ng==","repeats":1,"ndv":0},{"count":1781380,"lower_bound":"MTc3NTc0MQ==","upper_bound":"MTc4MzE0Ng==","repeats":1,"ndv":0},{"count":1788896,"lower_bound":"MTc4MzE0Nw==","upper_bound":"MTc5MTEyOQ==","repeats":1,"ndv":0},{"count":1796412,"lower_bound":"MTc5MTE1Mg==","upper_bound":"MTc5ODg2Mw==","repeats":1,"ndv":0},{"count":1803929,"lower_bound":"MTc5ODkwMg==","upper_bound":"MTgwNjE3MQ==","repeats":1,"ndv":0},{"count":1811445,"lower_bound":"MTgwNjE4Ng==","upper_bound":"MTgxMzI3Nw==","repeats":1,"ndv":0},{"count":1818961,"lower_bound":"MTgxMzI4MA==","upper_bound":"MTgyMDQ1Mw==","repeats":1,"ndv":0},{"count":1826478,"lower_bound":"MTgyMDQ2Mg==","upper_bound":"MTgyNzY1MQ==","repeats":1,"ndv":0},{"count":1833994,"lower_bound":"MTgyNzY4NA==","upper_bound":"MTgzNTAyOA==","repeats":1,"ndv":0},{"count":1841511,"lower_bound":"MTgzNTA0Mg==","upper_bound":"MTg0MjE5NQ==","repeats":1,"ndv":0},{"count":1849027,"lower_bound":"MTg0MjIyNg==","upper_bound":"MTg0OTUyNw==","repeats":1,"ndv":0},{"count":1856543,"lower_bound":"MTg0OTU3MA==","upper_bound":"MTg1NzAzNg==","repeats":1,"ndv":0},{"count":1864060,"lower_bound":"MTg1NzA0NQ==","upper_bound":"MTg2NDI0Mw==","repeats":1,"ndv":0},{"count":1871576,"lower_bound":"MTg2NDI2OA==","upper_bound":"MTg3MjA0Mw==","repeats":1,"ndv":0},{"count":1879092,"lower_bound":"MTg3MjA1MQ==","upper_bound":"MTg3OTE3MA==","repeats":1,"ndv":0},{"count":1886609,"lower_bound":"MTg3OTE5OQ==","upper_bound":"MTg4NjM0MQ==","repeats":1,"ndv":0},{"count":1894125,"lower_bound":"MTg4NjM1Mg==","upper_bound":"MTg5MzcyNg==","repeats":1,"ndv":0},{"count":1901641,"lower_bound":"MTg5Mzc0Mw==","upper_bound":"MTkwMTYxOA==","repeats":1,"ndv":0},{"count":1909158,"lower_bound":"MTkwMTYzOA==","upper_bound":"MTkwODYzMw==","repeats":1,"ndv":0},{"count":1916674,"lower_bound":"MTkwODYzOA==","upper_bound":"MTkxNjM1OQ==","repeats":1,"ndv":0},{"count":1920800,"lower_bound":"MTkxNjM3NQ==","upper_bound":"MTkyMDc5MA==","repeats":1,"ndv":0}]},"cm_sketch":null,"fm_sketch":null,"null_count":0,"tot_col_size":15366400,"last_update_version":437564342291922945,"correlation":1,"stats_ver":2},"cd_dep_college_count":{"histogram":{"ndv":7},"cm_sketch":{"top_n":[{"data":"A4AAAAAAAAAA","count":265132},{"data":"A4AAAAAAAAAB","count":265302},{"data":"A4AAAAAAAAAC","count":267291},{"data":"A4AAAAAAAAAD","count":266050},{"data":"A4AAAAAAAAAE","count":267342},{"data":"A4AAAAAAAAAF","count":266985},{"data":"A4AAAAAAAAAG","count":269960}],"default_value":0},"fm_sketch":null,"null_count":0,"tot_col_size":15366400,"last_update_version":437564342291922945,"correlation":1,"stats_ver":2},"cd_dep_count":{"histogram":{"ndv":7},"cm_sketch":{"top_n":[{"data":"A4AAAAAAAAAA","count":265693},{"data":"A4AAAAAAAAAB","count":265200},{"data":"A4AAAAAAAAAC","count":265931},{"data":"A4AAAAAAAAAD","count":266866},{"data":"A4AAAAAAAAAE","count":267172},{"data":"A4AAAAAAAAAF","count":267257},{"data":"A4AAAAAAAAAG","count":269943}],"default_value":0},"fm_sketch":null,"null_count":0,"tot_col_size":15366400,"last_update_version":437564342291922945,"correlation":0.16141547816527863,"stats_ver":2},"cd_dep_employed_count":{"histogram":{"ndv":7},"cm_sketch":{"top_n":[{"data":"A4AAAAAAAAAA","count":268396},{"data":"A4AAAAAAAAAB","count":266951},{"data":"A4AAAAAAAAAC","count":264112},{"data":"A4AAAAAAAAAD","count":267036},{"data":"A4AAAAAAAAAE","count":272085},{"data":"A4AAAAAAAAAF","count":265387},{"data":"A4AAAAAAAAAG","count":264095}],"default_value":0},"fm_sketch":null,"null_count":0,"tot_col_size":15366400,"last_update_version":437564342291922945,"correlation":0.2810140955162301,"stats_ver":2},"cd_education_status":{"histogram":{"ndv":7},"cm_sketch":{"top_n":[{"data":"ATIgeXIgRGVn/3JlZQAAAAAA+g==","count":267648},{"data":"ATQgeXIgRGVn/3JlZQAAAAAA+g==","count":268362},{"data":"AUFkdmFuY2Vk/yBEZWdyZWUA/g==","count":268685},{"data":"AUNvbGxlZ2UA/g==","count":265727},{"data":"AVByaW1hcnkA/g==","count":261885},{"data":"AVNlY29uZGFy/3kAAAAAAAAA+A==","count":271337},{"data":"AVVua25vd24A/g==","count":264418}],"default_value":0},"fm_sketch":null,"null_count":0,"tot_col_size":20305600,"last_update_version":437564342291922945,"correlation":0.14694878940909328,"stats_ver":2},"cd_gender":{"histogram":{"ndv":2},"cm_sketch":{"top_n":[{"data":"AUYAAAAAAAAA+A==","count":935238},{"data":"AU0AAAAAAAAA+A==","count":932824}],"default_value":0},"fm_sketch":null,"null_count":0,"tot_col_size":3841600,"last_update_version":437564342291922945,"correlation":0.5000699055041649,"stats_ver":2},"cd_marital_status":{"histogram":{"ndv":5},"cm_sketch":{"top_n":[{"data":"AUQAAAAAAAAA+A==","count":370940},{"data":"AU0AAAAAAAAA+A==","count":374901},{"data":"AVMAAAAAAAAA+A==","count":371977},{"data":"AVUAAAAAAAAA+A==","count":373830},{"data":"AVcAAAAAAAAA+A==","count":376414}],"default_value":0},"fm_sketch":null,"null_count":0,"tot_col_size":3841600,"last_update_version":437564342291922945,"correlation":0.19948903293008602,"stats_ver":2},"cd_purchase_estimate":{"histogram":{"ndv":20},"cm_sketch":{"top_n":[{"data":"A4AAAAAAAAH0","count":91783},{"data":"A4AAAAAAAAPo","count":94146},{"data":"A4AAAAAAAAXc","count":92905},{"data":"A4AAAAAAAAfQ","count":94894},{"data":"A4AAAAAAAAnE","count":92650},{"data":"A4AAAAAAAAu4","count":93908},{"data":"A4AAAAAAAA2s","count":91511},{"data":"A4AAAAAAAA+g","count":91970},{"data":"A4AAAAAAABGU","count":93432},{"data":"A4AAAAAAABOI","count":90984},{"data":"A4AAAAAAABV8","count":92429},{"data":"A4AAAAAAABdw","count":93228},{"data":"A4AAAAAAABlk","count":93449},{"data":"A4AAAAAAABtY","count":93500},{"data":"A4AAAAAAAB1M","count":94724},{"data":"A4AAAAAAAB9A","count":94775},{"data":"A4AAAAAAACE0","count":94724},{"data":"A4AAAAAAACMo","count":92616},{"data":"A4AAAAAAACUc","count":94656},{"data":"A4AAAAAAACcQ","count":95778}],"default_value":0},"fm_sketch":null,"null_count":0,"tot_col_size":15366400,"last_update_version":437564342291922945,"correlation":0.051220981314510784,"stats_ver":2}},"indices":{},"ext_stats":null,"count":1920800,"modify_count":0,"partitions":null}