{"database_name":"tpcds50","table_name":"household_demographics","columns":{"hd_buy_potential":{"histogram":{"ndv":6},"cm_sketch":{"top_n":[{"data":"ATAtNTAwAAAA/A==","count":1200},{"data":"ATEwMDEtNTAw/zAAAAAAAAAA+A==","count":1200},{"data":"ATUwMDEtMTAw/zAwAAAAAAAA+Q==","count":1200},{"data":"ATUwMS0xMDAw/wAAAAAAAAAA9w==","count":1200},{"data":"AT4xMDAwMAAA/Q==","count":1200},{"data":"AVVua25vd24A/g==","count":1200}],"default_value":0},"fm_sketch":null,"null_count":0,"tot_col_size":61200,"last_update_version":437564343393189889,"correlation":0.17936138463274276,"stats_ver":2},"hd_demo_sk":{"histogram":{"ndv":7200,"buckets":[{"count":27,"lower_bound":"NTAx","upper_bound":"NTI3","repeats":1,"ndv":0},{"count":54,"lower_bound":"NTI4","upper_bound":"NTU0","repeats":1,"ndv":0},{"count":81,"lower_bound":"NTU1","upper_bound":"NTgx","repeats":1,"ndv":0},{"count":108,"lower_bound":"NTgy","upper_bound":"NjA4","repeats":1,"ndv":0},{"count":135,"lower_bound":"NjA5","upper_bound":"NjM1","repeats":1,"ndv":0},{"count":162,"lower_bound":"NjM2","upper_bound":"NjYy","repeats":1,"ndv":0},{"count":189,"lower_bound":"NjYz","upper_bound":"Njg5","repeats":1,"ndv":0},{"count":216,"lower_bound":"Njkw","upper_bound":"NzE2","repeats":1,"ndv":0},{"count":243,"lower_bound":"NzE3","upper_bound":"NzQz","repeats":1,"ndv":0},{"count":270,"lower_bound":"NzQ0","upper_bound":"Nzcw","repeats":1,"ndv":0},{"count":297,"lower_bound":"Nzcx","upper_bound":"Nzk3","repeats":1,"ndv":0},{"count":324,"lower_bound":"Nzk4","upper_bound":"ODI0","repeats":1,"ndv":0},{"count":351,"lower_bound":"ODI1","upper_bound":"ODUx","repeats":1,"ndv":0},{"count":378,"lower_bound":"ODUy","upper_bound":"ODc4","repeats":1,"ndv":0},{"count":405,"lower_bound":"ODc5","upper_bound":"OTA1","repeats":1,"ndv":0},{"count":432,"lower_bound":"OTA2","upper_bound":"OTMy","repeats":1,"ndv":0},{"count":459,"lower_bound":"OTMz","upper_bound":"OTU5","repeats":1,"ndv":0},{"count":486,"lower_bound":"OTYw","upper_bound":"OTg2","repeats":1,"ndv":0},{"count":513,"lower_bound":"OTg3","upper_bound":"MTAxMw==","repeats":1,"ndv":0},{"count":540,"lower_bound":"MTAxNA==","upper_bound":"MTA0MA==","repeats":1,"ndv":0},{"count":567,"lower_bound":"MTA0MQ==","upper_bound":"MTA2Nw==","repeats":1,"ndv":0},{"count":594,"lower_bound":"MTA2OA==","upper_bound":"MTA5NA==","repeats":1,"ndv":0},{"count":621,"lower_bound":"MTA5NQ==","upper_bound":"MTEyMQ==","repeats":1,"ndv":0},{"count":648,"lower_bound":"MTEyMg==","upper_bound":"MTE0OA==","repeats":1,"ndv":0},{"count":675,"lower_bound":"MTE0OQ==","upper_bound":"MTE3NQ==","repeats":1,"ndv":0},{"count":702,"lower_bound":"MTE3Ng==","upper_bound":"MTIwMg==","repeats":1,"ndv":0},{"count":729,"lower_bound":"MTIwMw==","upper_bound":"MTIyOQ==","repeats":1,"ndv":0},{"count":756,"lower_bound":"MTIzMA==","upper_bound":"MTI1Ng==","repeats":1,"ndv":0},{"count":783,"lower_bound":"MTI1Nw==","upper_bound":"MTI4Mw==","repeats":1,"ndv":0},{"count":810,"lower_bound":"MTI4NA==","upper_bound":"MTMxMA==","repeats":1,"ndv":0},{"count":837,"lower_bound":"MTMxMQ==","upper_bound":"MTMzNw==","repeats":1,"ndv":0},{"count":864,"lower_bound":"MTMzOA==","upper_bound":"MTM2NA==","repeats":1,"ndv":0},{"count":891,"lower_bound":"MTM2NQ==","upper_bound":"MTM5MQ==","repeats":1,"ndv":0},{"count":918,"lower_bound":"MTM5Mg==","upper_bound":"MTQxOA==","repeats":1,"ndv":0},{"count":945,"lower_bound":"MTQxOQ==","upper_bound":"MTQ0NQ==","repeats":1,"ndv":0},{"count":972,"lower_bound":"MTQ0Ng==","upper_bound":"MTQ3Mg==","repeats":1,"ndv":0},{"count":999,"lower_bound":"MTQ3Mw==","upper_bound":"MTQ5OQ==","repeats":1,"ndv":0},{"count":1026,"lower_bound":"MTUwMA==","upper_bound":"MTUyNg==","repeats":1,"ndv":0},{"count":1053,"lower_bound":"MTUyNw==","upper_bound":"MTU1Mw==","repeats":1,"ndv":0},{"count":1080,"lower_bound":"MTU1NA==","upper_bound":"MTU4MA==","repeats":1,"ndv":0},{"count":1107,"lower_bound":"MTU4MQ==","upper_bound":"MTYwNw==","repeats":1,"ndv":0},{"count":1134,"lower_bound":"MTYwOA==","upper_bound":"MTYzNA==","repeats":1,"ndv":0},{"count":1161,"lower_bound":"MTYzNQ==","upper_bound":"MTY2MQ==","repeats":1,"ndv":0},{"count":1188,"lower_bound":"MTY2Mg==","upper_bound":"MTY4OA==","repeats":1,"ndv":0},{"count":1215,"lower_bound":"MTY4OQ==","upper_bound":"MTcxNQ==","repeats":1,"ndv":0},{"count":1242,"lower_bound":"MTcxNg==","upper_bound":"MTc0Mg==","repeats":1,"ndv":0},{"count":1269,"lower_bound":"MTc0Mw==","upper_bound":"MTc2OQ==","repeats":1,"ndv":0},{"count":1296,"lower_bound":"MTc3MA==","upper_bound":"MTc5Ng==","repeats":1,"ndv":0},{"count":1323,"lower_bound":"MTc5Nw==","upper_bound":"MTgyMw==","repeats":1,"ndv":0},{"count":1350,"lower_bound":"MTgyNA==","upper_bound":"MTg1MA==","repeats":1,"ndv":0},{"count":1377,"lower_bound":"MTg1MQ==","upper_bound":"MTg3Nw==","repeats":1,"ndv":0},{"count":1404,"lower_bound":"MTg3OA==","upper_bound":"MTkwNA==","repeats":1,"ndv":0},{"count":1431,"lower_bound":"MTkwNQ==","upper_bound":"MTkzMQ==","repeats":1,"ndv":0},{"count":1458,"lower_bound":"MTkzMg==","upper_bound":"MTk1OA==","repeats":1,"ndv":0},{"count":1485,"lower_bound":"MTk1OQ==","upper_bound":"MTk4NQ==","repeats":1,"ndv":0},{"count":1512,"lower_bound":"MTk4Ng==","upper_bound":"MjAxMg==","repeats":1,"ndv":0},{"count":1539,"lower_bound":"MjAxMw==","upper_bound":"MjAzOQ==","repeats":1,"ndv":0},{"count":1566,"lower_bound":"MjA0MA==","upper_bound":"MjA2Ng==","repeats":1,"ndv":0},{"count":1593,"lower_bound":"MjA2Nw==","upper_bound":"MjA5Mw==","repeats":1,"ndv":0},{"count":1620,"lower_bound":"MjA5NA==","upper_bound":"MjEyMA==","repeats":1,"ndv":0},{"count":1647,"lower_bound":"MjEyMQ==","upper_bound":"MjE0Nw==","repeats":1,"ndv":0},{"count":1674,"lower_bound":"MjE0OA==","upper_bound":"MjE3NA==","repeats":1,"ndv":0},{"count":1701,"lower_bound":"MjE3NQ==","upper_bound":"MjIwMQ==","repeats":1,"ndv":0},{"count":1728,"lower_bound":"MjIwMg==","upper_bound":"MjIyOA==","repeats":1,"ndv":0},{"count":1755,"lower_bound":"MjIyOQ==","upper_bound":"MjI1NQ==","repeats":1,"ndv":0},{"count":1782,"lower_bound":"MjI1Ng==","upper_bound":"MjI4Mg==","repeats":1,"ndv":0},{"count":1809,"lower_bound":"MjI4Mw==","upper_bound":"MjMwOQ==","repeats":1,"ndv":0},{"count":1836,"lower_bound":"MjMxMA==","upper_bound":"MjMzNg==","repeats":1,"ndv":0},{"count":1863,"lower_bound":"MjMzNw==","upper_bound":"MjM2Mw==","repeats":1,"ndv":0},{"count":1890,"lower_bound":"MjM2NA==","upper_bound":"MjM5MA==","repeats":1,"ndv":0},{"count":1917,"lower_bound":"MjM5MQ==","upper_bound":"MjQxNw==","repeats":1,"ndv":0},{"count":1944,"lower_bound":"MjQxOA==","upper_bound":"MjQ0NA==","repeats":1,"ndv":0},{"count":1971,"lower_bound":"MjQ0NQ==","upper_bound":"MjQ3MQ==","repeats":1,"ndv":0},{"count":1998,"lower_bound":"MjQ3Mg==","upper_bound":"MjQ5OA==","repeats":1,"ndv":0},{"count":2025,"lower_bound":"MjQ5OQ==","upper_bound":"MjUyNQ==","repeats":1,"ndv":0},{"count":2052,"lower_bound":"MjUyNg==","upper_bound":"MjU1Mg==","repeats":1,"ndv":0},{"count":2079,"lower_bound":"MjU1Mw==","upper_bound":"MjU3OQ==","repeats":1,"ndv":0},{"count":2106,"lower_bound":"MjU4MA==","upper_bound":"MjYwNg==","repeats":1,"ndv":0},{"count":2133,"lower_bound":"MjYwNw==","upper_bound":"MjYzMw==","repeats":1,"ndv":0},{"count":2160,"lower_bound":"MjYzNA==","upper_bound":"MjY2MA==","repeats":1,"ndv":0},{"count":2187,"lower_bound":"MjY2MQ==","upper_bound":"MjY4Nw==","repeats":1,"ndv":0},{"count":2214,"lower_bound":"MjY4OA==","upper_bound":"MjcxNA==","repeats":1,"ndv":0},{"count":2241,"lower_bound":"MjcxNQ==","upper_bound":"Mjc0MQ==","repeats":1,"ndv":0},{"count":2268,"lower_bound":"Mjc0Mg==","upper_bound":"Mjc2OA==","repeats":1,"ndv":0},{"count":2295,"lower_bound":"Mjc2OQ==","upper_bound":"Mjc5NQ==","repeats":1,"ndv":0},{"count":2322,"lower_bound":"Mjc5Ng==","upper_bound":"MjgyMg==","repeats":1,"ndv":0},{"count":2349,"lower_bound":"MjgyMw==","upper_bound":"Mjg0OQ==","repeats":1,"ndv":0},{"count":2376,"lower_bound":"Mjg1MA==","upper_bound":"Mjg3Ng==","repeats":1,"ndv":0},{"count":2403,"lower_bound":"Mjg3Nw==","upper_bound":"MjkwMw==","repeats":1,"ndv":0},{"count":2430,"lower_bound":"MjkwNA==","upper_bound":"MjkzMA==","repeats":1,"ndv":0},{"count":2457,"lower_bound":"MjkzMQ==","upper_bound":"Mjk1Nw==","repeats":1,"ndv":0},{"count":2484,"lower_bound":"Mjk1OA==","upper_bound":"Mjk4NA==","repeats":1,"ndv":0},{"count":2511,"lower_bound":"Mjk4NQ==","upper_bound":"MzAxMQ==","repeats":1,"ndv":0},{"count":2538,"lower_bound":"MzAxMg==","upper_bound":"MzAzOA==","repeats":1,"ndv":0},{"count":2565,"lower_bound":"MzAzOQ==","upper_bound":"MzA2NQ==","repeats":1,"ndv":0},{"count":2592,"lower_bound":"MzA2Ng==","upper_bound":"MzA5Mg==","repeats":1,"ndv":0},{"count":2619,"lower_bound":"MzA5Mw==","upper_bound":"MzExOQ==","repeats":1,"ndv":0},{"count":2646,"lower_bound":"MzEyMA==","upper_bound":"MzE0Ng==","repeats":1,"ndv":0},{"count":2673,"lower_bound":"MzE0Nw==","upper_bound":"MzE3Mw==","repeats":1,"ndv":0},{"count":2700,"lower_bound":"MzE3NA==","upper_bound":"MzIwMA==","repeats":1,"ndv":0},{"count":2727,"lower_bound":"MzIwMQ==","upper_bound":"MzIyNw==","repeats":1,"ndv":0},{"count":2754,"lower_bound":"MzIyOA==","upper_bound":"MzI1NA==","repeats":1,"ndv":0},{"count":2781,"lower_bound":"MzI1NQ==","upper_bound":"MzI4MQ==","repeats":1,"ndv":0},{"count":2808,"lower_bound":"MzI4Mg==","upper_bound":"MzMwOA==","repeats":1,"ndv":0},{"count":2835,"lower_bound":"MzMwOQ==","upper_bound":"MzMzNQ==","repeats":1,"ndv":0},{"count":2862,"lower_bound":"MzMzNg==","upper_bound":"MzM2Mg==","repeats":1,"ndv":0},{"count":2889,"lower_bound":"MzM2Mw==","upper_bound":"MzM4OQ==","repeats":1,"ndv":0},{"count":2916,"lower_bound":"MzM5MA==","upper_bound":"MzQxNg==","repeats":1,"ndv":0},{"count":2943,"lower_bound":"MzQxNw==","upper_bound":"MzQ0Mw==","repeats":1,"ndv":0},{"count":2970,"lower_bound":"MzQ0NA==","upper_bound":"MzQ3MA==","repeats":1,"ndv":0},{"count":2997,"lower_bound":"MzQ3MQ==","upper_bound":"MzQ5Nw==","repeats":1,"ndv":0},{"count":3024,"lower_bound":"MzQ5OA==","upper_bound":"MzUyNA==","repeats":1,"ndv":0},{"count":3051,"lower_bound":"MzUyNQ==","upper_bound":"MzU1MQ==","repeats":1,"ndv":0},{"count":3078,"lower_bound":"MzU1Mg==","upper_bound":"MzU3OA==","repeats":1,"ndv":0},{"count":3105,"lower_bound":"MzU3OQ==","upper_bound":"MzYwNQ==","repeats":1,"ndv":0},{"count":3132,"lower_bound":"MzYwNg==","upper_bound":"MzYzMg==","repeats":1,"ndv":0},{"count":3159,"lower_bound":"MzYzMw==","upper_bound":"MzY1OQ==","repeats":1,"ndv":0},{"count":3186,"lower_bound":"MzY2MA==","upper_bound":"MzY4Ng==","repeats":1,"ndv":0},{"count":3213,"lower_bound":"MzY4Nw==","upper_bound":"MzcxMw==","repeats":1,"ndv":0},{"count":3240,"lower_bound":"MzcxNA==","upper_bound":"Mzc0MA==","repeats":1,"ndv":0},{"count":3267,"lower_bound":"Mzc0MQ==","upper_bound":"Mzc2Nw==","repeats":1,"ndv":0},{"count":3294,"lower_bound":"Mzc2OA==","upper_bound":"Mzc5NA==","repeats":1,"ndv":0},{"count":3321,"lower_bound":"Mzc5NQ==","upper_bound":"MzgyMQ==","repeats":1,"ndv":0},{"count":3348,"lower_bound":"MzgyMg==","upper_bound":"Mzg0OA==","repeats":1,"ndv":0},{"count":3375,"lower_bound":"Mzg0OQ==","upper_bound":"Mzg3NQ==","repeats":1,"ndv":0},{"count":3402,"lower_bound":"Mzg3Ng==","upper_bound":"MzkwMg==","repeats":1,"ndv":0},{"count":3429,"lower_bound":"MzkwMw==","upper_bound":"MzkyOQ==","repeats":1,"ndv":0},{"count":3456,"lower_bound":"MzkzMA==","upper_bound":"Mzk1Ng==","repeats":1,"ndv":0},{"count":3483,"lower_bound":"Mzk1Nw==","upper_bound":"Mzk4Mw==","repeats":1,"ndv":0},{"count":3510,"lower_bound":"Mzk4NA==","upper_bound":"NDAxMA==","repeats":1,"ndv":0},{"count":3537,"lower_bound":"NDAxMQ==","upper_bound":"NDAzNw==","repeats":1,"ndv":0},{"count":3564,"lower_bound":"NDAzOA==","upper_bound":"NDA2NA==","repeats":1,"ndv":0},{"count":3591,"lower_bound":"NDA2NQ==","upper_bound":"NDA5MQ==","repeats":1,"ndv":0},{"count":3618,"lower_bound":"NDA5Mg==","upper_bound":"NDExOA==","repeats":1,"ndv":0},{"count":3645,"lower_bound":"NDExOQ==","upper_bound":"NDE0NQ==","repeats":1,"ndv":0},{"count":3672,"lower_bound":"NDE0Ng==","upper_bound":"NDE3Mg==","repeats":1,"ndv":0},{"count":3699,"lower_bound":"NDE3Mw==","upper_bound":"NDE5OQ==","repeats":1,"ndv":0},{"count":3726,"lower_bound":"NDIwMA==","upper_bound":"NDIyNg==","repeats":1,"ndv":0},{"count":3753,"lower_bound":"NDIyNw==","upper_bound":"NDI1Mw==","repeats":1,"ndv":0},{"count":3780,"lower_bound":"NDI1NA==","upper_bound":"NDI4MA==","repeats":1,"ndv":0},{"count":3807,"lower_bound":"NDI4MQ==","upper_bound":"NDMwNw==","repeats":1,"ndv":0},{"count":3834,"lower_bound":"NDMwOA==","upper_bound":"NDMzNA==","repeats":1,"ndv":0},{"count":3861,"lower_bound":"NDMzNQ==","upper_bound":"NDM2MQ==","repeats":1,"ndv":0},{"count":3888,"lower_bound":"NDM2Mg==","upper_bound":"NDM4OA==","repeats":1,"ndv":0},{"count":3915,"lower_bound":"NDM4OQ==","upper_bound":"NDQxNQ==","repeats":1,"ndv":0},{"count":3942,"lower_bound":"NDQxNg==","upper_bound":"NDQ0Mg==","repeats":1,"ndv":0},{"count":3969,"lower_bound":"NDQ0Mw==","upper_bound":"NDQ2OQ==","repeats":1,"ndv":0},{"count":3996,"lower_bound":"NDQ3MA==","upper_bound":"NDQ5Ng==","repeats":1,"ndv":0},{"count":4023,"lower_bound":"NDQ5Nw==","upper_bound":"NDUyMw==","repeats":1,"ndv":0},{"count":4050,"lower_bound":"NDUyNA==","upper_bound":"NDU1MA==","repeats":1,"ndv":0},{"count":4077,"lower_bound":"NDU1MQ==","upper_bound":"NDU3Nw==","repeats":1,"ndv":0},{"count":4104,"lower_bound":"NDU3OA==","upper_bound":"NDYwNA==","repeats":1,"ndv":0},{"count":4131,"lower_bound":"NDYwNQ==","upper_bound":"NDYzMQ==","repeats":1,"ndv":0},{"count":4158,"lower_bound":"NDYzMg==","upper_bound":"NDY1OA==","repeats":1,"ndv":0},{"count":4185,"lower_bound":"NDY1OQ==","upper_bound":"NDY4NQ==","repeats":1,"ndv":0},{"count":4212,"lower_bound":"NDY4Ng==","upper_bound":"NDcxMg==","repeats":1,"ndv":0},{"count":4239,"lower_bound":"NDcxMw==","upper_bound":"NDczOQ==","repeats":1,"ndv":0},{"count":4266,"lower_bound":"NDc0MA==","upper_bound":"NDc2Ng==","repeats":1,"ndv":0},{"count":4293,"lower_bound":"NDc2Nw==","upper_bound":"NDc5Mw==","repeats":1,"ndv":0},{"count":4320,"lower_bound":"NDc5NA==","upper_bound":"NDgyMA==","repeats":1,"ndv":0},{"count":4347,"lower_bound":"NDgyMQ==","upper_bound":"NDg0Nw==","repeats":1,"ndv":0},{"count":4374,"lower_bound":"NDg0OA==","upper_bound":"NDg3NA==","repeats":1,"ndv":0},{"count":4401,"lower_bound":"NDg3NQ==","upper_bound":"NDkwMQ==","repeats":1,"ndv":0},{"count":4428,"lower_bound":"NDkwMg==","upper_bound":"NDkyOA==","repeats":1,"ndv":0},{"count":4455,"lower_bound":"NDkyOQ==","upper_bound":"NDk1NQ==","repeats":1,"ndv":0},{"count":4482,"lower_bound":"NDk1Ng==","upper_bound":"NDk4Mg==","repeats":1,"ndv":0},{"count":4509,"lower_bound":"NDk4Mw==","upper_bound":"NTAwOQ==","repeats":1,"ndv":0},{"count":4536,"lower_bound":"NTAxMA==","upper_bound":"NTAzNg==","repeats":1,"ndv":0},{"count":4563,"lower_bound":"NTAzNw==","upper_bound":"NTA2Mw==","repeats":1,"ndv":0},{"count":4590,"lower_bound":"NTA2NA==","upper_bound":"NTA5MA==","repeats":1,"ndv":0},{"count":4617,"lower_bound":"NTA5MQ==","upper_bound":"NTExNw==","repeats":1,"ndv":0},{"count":4644,"lower_bound":"NTExOA==","upper_bound":"NTE0NA==","repeats":1,"ndv":0},{"count":4671,"lower_bound":"NTE0NQ==","upper_bound":"NTE3MQ==","repeats":1,"ndv":0},{"count":4698,"lower_bound":"NTE3Mg==","upper_bound":"NTE5OA==","repeats":1,"ndv":0},{"count":4725,"lower_bound":"NTE5OQ==","upper_bound":"NTIyNQ==","repeats":1,"ndv":0},{"count":4752,"lower_bound":"NTIyNg==","upper_bound":"NTI1Mg==","repeats":1,"ndv":0},{"count":4779,"lower_bound":"NTI1Mw==","upper_bound":"NTI3OQ==","repeats":1,"ndv":0},{"count":4806,"lower_bound":"NTI4MA==","upper_bound":"NTMwNg==","repeats":1,"ndv":0},{"count":4833,"lower_bound":"NTMwNw==","upper_bound":"NTMzMw==","repeats":1,"ndv":0},{"count":4860,"lower_bound":"NTMzNA==","upper_bound":"NTM2MA==","repeats":1,"ndv":0},{"count":4887,"lower_bound":"NTM2MQ==","upper_bound":"NTM4Nw==","repeats":1,"ndv":0},{"count":4914,"lower_bound":"NTM4OA==","upper_bound":"NTQxNA==","repeats":1,"ndv":0},{"count":4941,"lower_bound":"NTQxNQ==","upper_bound":"NTQ0MQ==","repeats":1,"ndv":0},{"count":4968,"lower_bound":"NTQ0Mg==","upper_bound":"NTQ2OA==","repeats":1,"ndv":0},{"count":4995,"lower_bound":"NTQ2OQ==","upper_bound":"NTQ5NQ==","repeats":1,"ndv":0},{"count":5022,"lower_bound":"NTQ5Ng==","upper_bound":"NTUyMg==","repeats":1,"ndv":0},{"count":5049,"lower_bound":"NTUyMw==","upper_bound":"NTU0OQ==","repeats":1,"ndv":0},{"count":5076,"lower_bound":"NTU1MA==","upper_bound":"NTU3Ng==","repeats":1,"ndv":0},{"count":5103,"lower_bound":"NTU3Nw==","upper_bound":"NTYwMw==","repeats":1,"ndv":0},{"count":5130,"lower_bound":"NTYwNA==","upper_bound":"NTYzMA==","repeats":1,"ndv":0},{"count":5157,"lower_bound":"NTYzMQ==","upper_bound":"NTY1Nw==","repeats":1,"ndv":0},{"count":5184,"lower_bound":"NTY1OA==","upper_bound":"NTY4NA==","repeats":1,"ndv":0},{"count":5211,"lower_bound":"NTY4NQ==","upper_bound":"NTcxMQ==","repeats":1,"ndv":0},{"count":5238,"lower_bound":"NTcxMg==","upper_bound":"NTczOA==","repeats":1,"ndv":0},{"count":5265,"lower_bound":"NTczOQ==","upper_bound":"NTc2NQ==","repeats":1,"ndv":0},{"count":5292,"lower_bound":"NTc2Ng==","upper_bound":"NTc5Mg==","repeats":1,"ndv":0},{"count":5319,"lower_bound":"NTc5Mw==","upper_bound":"NTgxOQ==","repeats":1,"ndv":0},{"count":5346,"lower_bound":"NTgyMA==","upper_bound":"NTg0Ng==","repeats":1,"ndv":0},{"count":5373,"lower_bound":"NTg0Nw==","upper_bound":"NTg3Mw==","repeats":1,"ndv":0},{"count":5400,"lower_bound":"NTg3NA==","upper_bound":"NTkwMA==","repeats":1,"ndv":0},{"count":5427,"lower_bound":"NTkwMQ==","upper_bound":"NTkyNw==","repeats":1,"ndv":0},{"count":5454,"lower_bound":"NTkyOA==","upper_bound":"NTk1NA==","repeats":1,"ndv":0},{"count":5481,"lower_bound":"NTk1NQ==","upper_bound":"NTk4MQ==","repeats":1,"ndv":0},{"count":5508,"lower_bound":"NTk4Mg==","upper_bound":"NjAwOA==","repeats":1,"ndv":0},{"count":5535,"lower_bound":"NjAwOQ==","upper_bound":"NjAzNQ==","repeats":1,"ndv":0},{"count":5562,"lower_bound":"NjAzNg==","upper_bound":"NjA2Mg==","repeats":1,"ndv":0},{"count":5589,"lower_bound":"NjA2Mw==","upper_bound":"NjA4OQ==","repeats":1,"ndv":0},{"count":5616,"lower_bound":"NjA5MA==","upper_bound":"NjExNg==","repeats":1,"ndv":0},{"count":5643,"lower_bound":"NjExNw==","upper_bound":"NjE0Mw==","repeats":1,"ndv":0},{"count":5670,"lower_bound":"NjE0NA==","upper_bound":"NjE3MA==","repeats":1,"ndv":0},{"count":5697,"lower_bound":"NjE3MQ==","upper_bound":"NjE5Nw==","repeats":1,"ndv":0},{"count":5724,"lower_bound":"NjE5OA==","upper_bound":"NjIyNA==","repeats":1,"ndv":0},{"count":5751,"lower_bound":"NjIyNQ==","upper_bound":"NjI1MQ==","repeats":1,"ndv":0},{"count":5778,"lower_bound":"NjI1Mg==","upper_bound":"NjI3OA==","repeats":1,"ndv":0},{"count":5805,"lower_bound":"NjI3OQ==","upper_bound":"NjMwNQ==","repeats":1,"ndv":0},{"count":5832,"lower_bound":"NjMwNg==","upper_bound":"NjMzMg==","repeats":1,"ndv":0},{"count":5859,"lower_bound":"NjMzMw==","upper_bound":"NjM1OQ==","repeats":1,"ndv":0},{"count":5886,"lower_bound":"NjM2MA==","upper_bound":"NjM4Ng==","repeats":1,"ndv":0},{"count":5913,"lower_bound":"NjM4Nw==","upper_bound":"NjQxMw==","repeats":1,"ndv":0},{"count":5940,"lower_bound":"NjQxNA==","upper_bound":"NjQ0MA==","repeats":1,"ndv":0},{"count":5967,"lower_bound":"NjQ0MQ==","upper_bound":"NjQ2Nw==","repeats":1,"ndv":0},{"count":5994,"lower_bound":"NjQ2OA==","upper_bound":"NjQ5NA==","repeats":1,"ndv":0},{"count":6021,"lower_bound":"NjQ5NQ==","upper_bound":"NjUyMQ==","repeats":1,"ndv":0},{"count":6048,"lower_bound":"NjUyMg==","upper_bound":"NjU0OA==","repeats":1,"ndv":0},{"count":6075,"lower_bound":"NjU0OQ==","upper_bound":"NjU3NQ==","repeats":1,"ndv":0},{"count":6102,"lower_bound":"NjU3Ng==","upper_bound":"NjYwMg==","repeats":1,"ndv":0},{"count":6129,"lower_bound":"NjYwMw==","upper_bound":"NjYyOQ==","repeats":1,"ndv":0},{"count":6156,"lower_bound":"NjYzMA==","upper_bound":"NjY1Ng==","repeats":1,"ndv":0},{"count":6183,"lower_bound":"NjY1Nw==","upper_bound":"NjY4Mw==","repeats":1,"ndv":0},{"count":6210,"lower_bound":"NjY4NA==","upper_bound":"NjcxMA==","repeats":1,"ndv":0},{"count":6237,"lower_bound":"NjcxMQ==","upper_bound":"NjczNw==","repeats":1,"ndv":0},{"count":6264,"lower_bound":"NjczOA==","upper_bound":"Njc2NA==","repeats":1,"ndv":0},{"count":6291,"lower_bound":"Njc2NQ==","upper_bound":"Njc5MQ==","repeats":1,"ndv":0},{"count":6318,"lower_bound":"Njc5Mg==","upper_bound":"NjgxOA==","repeats":1,"ndv":0},{"count":6345,"lower_bound":"NjgxOQ==","upper_bound":"Njg0NQ==","repeats":1,"ndv":0},{"count":6372,"lower_bound":"Njg0Ng==","upper_bound":"Njg3Mg==","repeats":1,"ndv":0},{"count":6399,"lower_bound":"Njg3Mw==","upper_bound":"Njg5OQ==","repeats":1,"ndv":0},{"count":6426,"lower_bound":"NjkwMA==","upper_bound":"NjkyNg==","repeats":1,"ndv":0},{"count":6453,"lower_bound":"NjkyNw==","upper_bound":"Njk1Mw==","repeats":1,"ndv":0},{"count":6480,"lower_bound":"Njk1NA==","upper_bound":"Njk4MA==","repeats":1,"ndv":0},{"count":6507,"lower_bound":"Njk4MQ==","upper_bound":"NzAwNw==","repeats":1,"ndv":0},{"count":6534,"lower_bound":"NzAwOA==","upper_bound":"NzAzNA==","repeats":1,"ndv":0},{"count":6561,"lower_bound":"NzAzNQ==","upper_bound":"NzA2MQ==","repeats":1,"ndv":0},{"count":6588,"lower_bound":"NzA2Mg==","upper_bound":"NzA4OA==","repeats":1,"ndv":0},{"count":6615,"lower_bound":"NzA4OQ==","upper_bound":"NzExNQ==","repeats":1,"ndv":0},{"count":6642,"lower_bound":"NzExNg==","upper_bound":"NzE0Mg==","repeats":1,"ndv":0},{"count":6669,"lower_bound":"NzE0Mw==","upper_bound":"NzE2OQ==","repeats":1,"ndv":0},{"count":6696,"lower_bound":"NzE3MA==","upper_bound":"NzE5Ng==","repeats":1,"ndv":0},{"count":6700,"lower_bound":"NzE5Nw==","upper_bound":"NzIwMA==","repeats":1,"ndv":0}]},"cm_sketch":{"top_n":[{"data":"A4AAAAAAAAAB","count":1},{"data":"A4AAAAAAAAAC","count":1},{"data":"A4AAAAAAAAAD","count":1},{"data":"A4AAAAAAAAAE","count":1},{"data":"A4AAAAAAAAAF","count":1},{"data":"A4AAAAAAAAAG","count":1},{"data":"A4AAAAAAAAAH","count":1},{"data":"A4AAAAAAAAAI","count":1},{"data":"A4AAAAAAAAAJ","count":1},{"data":"A4AAAAAAAAAK","count":1},{"data":"A4AAAAAAAAAL","count":1},{"data":"A4AAAAAAAAAM","count":1},{"data":"A4AAAAAAAAAN","count":1},{"data":"A4AAAAAAAAAO","count":1},{"data":"A4AAAAAAAAAP","count":1},{"data":"A4AAAAAAAAAQ","count":1},{"data":"A4AAAAAAAAAR","count":1},{"data":"A4AAAAAAAAAS","count":1},{"data":"A4AAAAAAAAAT","count":1},{"data":"A4AAAAAAAAAU","count":1},{"data":"A4AAAAAAAAAV","count":1},{"data":"A4AAAAAAAAAW","count":1},{"data":"A4AAAAAAAAAX","count":1},{"data":"A4AAAAAAAAAY","count":1},{"data":"A4AAAAAAAAAZ","count":1},{"data":"A4AAAAAAAAAa","count":1},{"data":"A4AAAAAAAAAb","count":1},{"data":"A4AAAAAAAAAc","count":1},{"data":"A4AAAAAAAAAd","count":1},{"data":"A4AAAAAAAAAe","count":1},{"data":"A4AAAAAAAAAf","count":1},{"data":"A4AAAAAAAAAg","count":1},{"data":"A4AAAAAAAAAh","count":1},{"data":"A4AAAAAAAAAi","count":1},{"data":"A4AAAAAAAAAj","count":1},{"data":"A4AAAAAAAAAk","count":1},{"data":"A4AAAAAAAAAl","count":1},{"data":"A4AAAAAAAAAm","count":1},{"data":"A4AAAAAAAAAn","count":1},{"data":"A4AAAAAAAAAo","count":1},{"data":"A4AAAAAAAAAp","count":1},{"data":"A4AAAAAAAAAq","count":1},{"data":"A4AAAAAAAAAr","count":1},{"data":"A4AAAAAAAAAs","count":1},{"data":"A4AAAAAAAAAt","count":1},{"data":"A4AAAAAAAAAu","count":1},{"data":"A4AAAAAAAAAv","count":1},{"data":"A4AAAAAAAAAw","count":1},{"data":"A4AAAAAAAAAx","count":1},{"data":"A4AAAAAAAAAy","count":1},{"data":"A4AAAAAAAAAz","count":1},{"data":"A4AAAAAAAAA0","count":1},{"data":"A4AAAAAAAAA1","count":1},{"data":"A4AAAAAAAAA2","count":1},{"data":"A4AAAAAAAAA3","count":1},{"data":"A4AAAAAAAAA4","count":1},{"data":"A4AAAAAAAAA5","count":1},{"data":"A4AAAAAAAAA6","count":1},{"data":"A4AAAAAAAAA7","count":1},{"data":"A4AAAAAAAAA8","count":1},{"data":"A4AAAAAAAAA9","count":1},{"data":"A4AAAAAAAAA+","count":1},{"data":"A4AAAAAAAAA/","count":1},{"data":"A4AAAAAAAABA","count":1},{"data":"A4AAAAAAAABB","count":1},{"data":"A4AAAAAAAABC","count":1},{"data":"A4AAAAAAAABD","count":1},{"data":"A4AAAAAAAABE","count":1},{"data":"A4AAAAAAAABF","count":1},{"data":"A4AAAAAAAABG","count":1},{"data":"A4AAAAAAAABH","count":1},{"data":"A4AAAAAAAABI","count":1},{"data":"A4AAAAAAAABJ","count":1},{"data":"A4AAAAAAAABK","count":1},{"data":"A4AAAAAAAABL","count":1},{"data":"A4AAAAAAAABM","count":1},{"data":"A4AAAAAAAABN","count":1},{"data":"A4AAAAAAAABO","count":1},{"data":"A4AAAAAAAABP","count":1},{"data":"A4AAAAAAAABQ","count":1},{"data":"A4AAAAAAAABR","count":1},{"data":"A4AAAAAAAABS","count":1},{"data":"A4AAAAAAAABT","count":1},{"data":"A4AAAAAAAABU","count":1},{"data":"A4AAAAAAAABV","count":1},{"data":"A4AAAAAAAABW","count":1},{"data":"A4AAAAAAAABX","count":1},{"data":"A4AAAAAAAABY","count":1},{"data":"A4AAAAAAAABZ","count":1},{"data":"A4AAAAAAAABa","count":1},{"data":"A4AAAAAAAABb","count":1},{"data":"A4AAAAAAAABc","count":1},{"data":"A4AAAAAAAABd","count":1},{"data":"A4AAAAAAAABe","count":1},{"data":"A4AAAAAAAABf","count":1},{"data":"A4AAAAAAAABg","count":1},{"data":"A4AAAAAAAABh","count":1},{"data":"A4AAAAAAAABi","count":1},{"data":"A4AAAAAAAABj","count":1},{"data":"A4AAAAAAAABk","count":1},{"data":"A4AAAAAAAABl","count":1},{"data":"A4AAAAAAAABm","count":1},{"data":"A4AAAAAAAABn","count":1},{"data":"A4AAAAAAAABo","count":1},{"data":"A4AAAAAAAABp","count":1},{"data":"A4AAAAAAAABq","count":1},{"data":"A4AAAAAAAABr","count":1},{"data":"A4AAAAAAAABs","count":1},{"data":"A4AAAAAAAABt","count":1},{"data":"A4AAAAAAAABu","count":1},{"data":"A4AAAAAAAABv","count":1},{"data":"A4AAAAAAAABw","count":1},{"data":"A4AAAAAAAABx","count":1},{"data":"A4AAAAAAAABy","count":1},{"data":"A4AAAAAAAABz","count":1},{"data":"A4AAAAAAAAB0","count":1},{"data":"A4AAAAAAAAB1","count":1},{"data":"A4AAAAAAAAB2","count":1},{"data":"A4AAAAAAAAB3","count":1},{"data":"A4AAAAAAAAB4","count":1},{"data":"A4AAAAAAAAB5","count":1},{"data":"A4AAAAAAAAB6","count":1},{"data":"A4AAAAAAAAB7","count":1},{"data":"A4AAAAAAAAB8","count":1},{"data":"A4AAAAAAAAB9","count":1},{"data":"A4AAAAAAAAB+","count":1},{"data":"A4AAAAAAAAB/","count":1},{"data":"A4AAAAAAAACA","count":1},{"data":"A4AAAAAAAACB","count":1},{"data":"A4AAAAAAAACC","count":1},{"data":"A4AAAAAAAACD","count":1},{"data":"A4AAAAAAAACE","count":1},{"data":"A4AAAAAAAACF","count":1},{"data":"A4AAAAAAAACG","count":1},{"data":"A4AAAAAAAACH","count":1},{"data":"A4AAAAAAAACI","count":1},{"data":"A4AAAAAAAACJ","count":1},{"data":"A4AAAAAAAACK","count":1},{"data":"A4AAAAAAAACL","count":1},{"data":"A4AAAAAAAACM","count":1},{"data":"A4AAAAAAAACN","count":1},{"data":"A4AAAAAAAACO","count":1},{"data":"A4AAAAAAAACP","count":1},{"data":"A4AAAAAAAACQ","count":1},{"data":"A4AAAAAAAACR","count":1},{"data":"A4AAAAAAAACS","count":1},{"data":"A4AAAAAAAACT","count":1},{"data":"A4AAAAAAAACU","count":1},{"data":"A4AAAAAAAACV","count":1},{"data":"A4AAAAAAAACW","count":1},{"data":"A4AAAAAAAACX","count":1},{"data":"A4AAAAAAAACY","count":1},{"data":"A4AAAAAAAACZ","count":1},{"data":"A4AAAAAAAACa","count":1},{"data":"A4AAAAAAAACb","count":1},{"data":"A4AAAAAAAACc","count":1},{"data":"A4AAAAAAAACd","count":1},{"data":"A4AAAAAAAACe","count":1},{"data":"A4AAAAAAAACf","count":1},{"data":"A4AAAAAAAACg","count":1},{"data":"A4AAAAAAAACh","count":1},{"data":"A4AAAAAAAACi","count":1},{"data":"A4AAAAAAAACj","count":1},{"data":"A4AAAAAAAACk","count":1},{"data":"A4AAAAAAAACl","count":1},{"data":"A4AAAAAAAACm","count":1},{"data":"A4AAAAAAAACn","count":1},{"data":"A4AAAAAAAACo","count":1},{"data":"A4AAAAAAAACp","count":1},{"data":"A4AAAAAAAACq","count":1},{"data":"A4AAAAAAAACr","count":1},{"data":"A4AAAAAAAACs","count":1},{"data":"A4AAAAAAAACt","count":1},{"data":"A4AAAAAAAACu","count":1},{"data":"A4AAAAAAAACv","count":1},{"data":"A4AAAAAAAACw","count":1},{"data":"A4AAAAAAAACx","count":1},{"data":"A4AAAAAAAACy","count":1},{"data":"A4AAAAAAAACz","count":1},{"data":"A4AAAAAAAAC0","count":1},{"data":"A4AAAAAAAAC1","count":1},{"data":"A4AAAAAAAAC2","count":1},{"data":"A4AAAAAAAAC3","count":1},{"data":"A4AAAAAAAAC4","count":1},{"data":"A4AAAAAAAAC5","count":1},{"data":"A4AAAAAAAAC6","count":1},{"data":"A4AAAAAAAAC7","count":1},{"data":"A4AAAAAAAAC8","count":1},{"data":"A4AAAAAAAAC9","count":1},{"data":"A4AAAAAAAAC+","count":1},{"data":"A4AAAAAAAAC/","count":1},{"data":"A4AAAAAAAADA","count":1},{"data":"A4AAAAAAAADB","count":1},{"data":"A4AAAAAAAADC","count":1},{"data":"A4AAAAAAAADD","count":1},{"data":"A4AAAAAAAADE","count":1},{"data":"A4AAAAAAAADF","count":1},{"data":"A4AAAAAAAADG","count":1},{"data":"A4AAAAAAAADH","count":1},{"data":"A4AAAAAAAADI","count":1},{"data":"A4AAAAAAAADJ","count":1},{"data":"A4AAAAAAAADK","count":1},{"data":"A4AAAAAAAADL","count":1},{"data":"A4AAAAAAAADM","count":1},{"data":"A4AAAAAAAADN","count":1},{"data":"A4AAAAAAAADO","count":1},{"data":"A4AAAAAAAADP","count":1},{"data":"A4AAAAAAAADQ","count":1},{"data":"A4AAAAAAAADR","count":1},{"data":"A4AAAAAAAADS","count":1},{"data":"A4AAAAAAAADT","count":1},{"data":"A4AAAAAAAADU","count":1},{"data":"A4AAAAAAAADV","count":1},{"data":"A4AAAAAAAADW","count":1},{"data":"A4AAAAAAAADX","count":1},{"data":"A4AAAAAAAADY","count":1},{"data":"A4AAAAAAAADZ","count":1},{"data":"A4AAAAAAAADa","count":1},{"data":"A4AAAAAAAADb","count":1},{"data":"A4AAAAAAAADc","count":1},{"data":"A4AAAAAAAADd","count":1},{"data":"A4AAAAAAAADe","count":1},{"data":"A4AAAAAAAADf","count":1},{"data":"A4AAAAAAAADg","count":1},{"data":"A4AAAAAAAADh","count":1},{"data":"A4AAAAAAAADi","count":1},{"data":"A4AAAAAAAADj","count":1},{"data":"A4AAAAAAAADk","count":1},{"data":"A4AAAAAAAADl","count":1},{"data":"A4AAAAAAAADm","count":1},{"data":"A4AAAAAAAADn","count":1},{"data":"A4AAAAAAAADo","count":1},{"data":"A4AAAAAAAADp","count":1},{"data":"A4AAAAAAAADq","count":1},{"data":"A4AAAAAAAADr","count":1},{"data":"A4AAAAAAAADs","count":1},{"data":"A4AAAAAAAADt","count":1},{"data":"A4AAAAAAAADu","count":1},{"data":"A4AAAAAAAADv","count":1},{"data":"A4AAAAAAAADw","count":1},{"data":"A4AAAAAAAADx","count":1},{"data":"A4AAAAAAAADy","count":1},{"data":"A4AAAAAAAADz","count":1},{"data":"A4AAAAAAAAD0","count":1},{"data":"A4AAAAAAAAD1","count":1},{"data":"A4AAAAAAAAD2","count":1},{"data":"A4AAAAAAAAD3","count":1},{"data":"A4AAAAAAAAD4","count":1},{"data":"A4AAAAAAAAD5","count":1},{"data":"A4AAAAAAAAD6","count":1},{"data":"A4AAAAAAAAD7","count":1},{"data":"A4AAAAAAAAD8","count":1},{"data":"A4AAAAAAAAD9","count":1},{"data":"A4AAAAAAAAD+","count":1},{"data":"A4AAAAAAAAD/","count":1},{"data":"A4AAAAAAAAEA","count":1},{"data":"A4AAAAAAAAEB","count":1},{"data":"A4AAAAAAAAEC","count":1},{"data":"A4AAAAAAAAED","count":1},{"data":"A4AAAAAAAAEE","count":1},{"data":"A4AAAAAAAAEF","count":1},{"data":"A4AAAAAAAAEG","count":1},{"data":"A4AAAAAAAAEH","count":1},{"data":"A4AAAAAAAAEI","count":1},{"data":"A4AAAAAAAAEJ","count":1},{"data":"A4AAAAAAAAEK","count":1},{"data":"A4AAAAAAAAEL","count":1},{"data":"A4AAAAAAAAEM","count":1},{"data":"A4AAAAAAAAEN","count":1},{"data":"A4AAAAAAAAEO","count":1},{"data":"A4AAAAAAAAEP","count":1},{"data":"A4AAAAAAAAEQ","count":1},{"data":"A4AAAAAAAAER","count":1},{"data":"A4AAAAAAAAES","count":1},{"data":"A4AAAAAAAAET","count":1},{"data":"A4AAAAAAAAEU","count":1},{"data":"A4AAAAAAAAEV","count":1},{"data":"A4AAAAAAAAEW","count":1},{"data":"A4AAAAAAAAEX","count":1},{"data":"A4AAAAAAAAEY","count":1},{"data":"A4AAAAAAAAEZ","count":1},{"data":"A4AAAAAAAAEa","count":1},{"data":"A4AAAAAAAAEb","count":1},{"data":"A4AAAAAAAAEc","count":1},{"data":"A4AAAAAAAAEd","count":1},{"data":"A4AAAAAAAAEe","count":1},{"data":"A4AAAAAAAAEf","count":1},{"data":"A4AAAAAAAAEg","count":1},{"data":"A4AAAAAAAAEh","count":1},{"data":"A4AAAAAAAAEi","count":1},{"data":"A4AAAAAAAAEj","count":1},{"data":"A4AAAAAAAAEk","count":1},{"data":"A4AAAAAAAAEl","count":1},{"data":"A4AAAAAAAAEm","count":1},{"data":"A4AAAAAAAAEn","count":1},{"data":"A4AAAAAAAAEo","count":1},{"data":"A4AAAAAAAAEp","count":1},{"data":"A4AAAAAAAAEq","count":1},{"data":"A4AAAAAAAAEr","count":1},{"data":"A4AAAAAAAAEs","count":1},{"data":"A4AAAAAAAAEt","count":1},{"data":"A4AAAAAAAAEu","count":1},{"data":"A4AAAAAAAAEv","count":1},{"data":"A4AAAAAAAAEw","count":1},{"data":"A4AAAAAAAAEx","count":1},{"data":"A4AAAAAAAAEy","count":1},{"data":"A4AAAAAAAAEz","count":1},{"data":"A4AAAAAAAAE0","count":1},{"data":"A4AAAAAAAAE1","count":1},{"data":"A4AAAAAAAAE2","count":1},{"data":"A4AAAAAAAAE3","count":1},{"data":"A4AAAAAAAAE4","count":1},{"data":"A4AAAAAAAAE5","count":1},{"data":"A4AAAAAAAAE6","count":1},{"data":"A4AAAAAAAAE7","count":1},{"data":"A4AAAAAAAAE8","count":1},{"data":"A4AAAAAAAAE9","count":1},{"data":"A4AAAAAAAAE+","count":1},{"data":"A4AAAAAAAAE/","count":1},{"data":"A4AAAAAAAAFA","count":1},{"data":"A4AAAAAAAAFB","count":1},{"data":"A4AAAAAAAAFC","count":1},{"data":"A4AAAAAAAAFD","count":1},{"data":"A4AAAAAAAAFE","count":1},{"data":"A4AAAAAAAAFF","count":1},{"data":"A4AAAAAAAAFG","count":1},{"data":"A4AAAAAAAAFH","count":1},{"data":"A4AAAAAAAAFI","count":1},{"data":"A4AAAAAAAAFJ","count":1},{"data":"A4AAAAAAAAFK","count":1},{"data":"A4AAAAAAAAFL","count":1},{"data":"A4AAAAAAAAFM","count":1},{"data":"A4AAAAAAAAFN","count":1},{"data":"A4AAAAAAAAFO","count":1},{"data":"A4AAAAAAAAFP","count":1},{"data":"A4AAAAAAAAFQ","count":1},{"data":"A4AAAAAAAAFR","count":1},{"data":"A4AAAAAAAAFS","count":1},{"data":"A4AAAAAAAAFT","count":1},{"data":"A4AAAAAAAAFU","count":1},{"data":"A4AAAAAAAAFV","count":1},{"data":"A4AAAAAAAAFW","count":1},{"data":"A4AAAAAAAAFX","count":1},{"data":"A4AAAAAAAAFY","count":1},{"data":"A4AAAAAAAAFZ","count":1},{"data":"A4AAAAAAAAFa","count":1},{"data":"A4AAAAAAAAFb","count":1},{"data":"A4AAAAAAAAFc","count":1},{"data":"A4AAAAAAAAFd","count":1},{"data":"A4AAAAAAAAFe","count":1},{"data":"A4AAAAAAAAFf","count":1},{"data":"A4AAAAAAAAFg","count":1},{"data":"A4AAAAAAAAFh","count":1},{"data":"A4AAAAAAAAFi","count":1},{"data":"A4AAAAAAAAFj","count":1},{"data":"A4AAAAAAAAFk","count":1},{"data":"A4AAAAAAAAFl","count":1},{"data":"A4AAAAAAAAFm","count":1},{"data":"A4AAAAAAAAFn","count":1},{"data":"A4AAAAAAAAFo","count":1},{"data":"A4AAAAAAAAFp","count":1},{"data":"A4AAAAAAAAFq","count":1},{"data":"A4AAAAAAAAFr","count":1},{"data":"A4AAAAAAAAFs","count":1},{"data":"A4AAAAAAAAFt","count":1},{"data":"A4AAAAAAAAFu","count":1},{"data":"A4AAAAAAAAFv","count":1},{"data":"A4AAAAAAAAFw","count":1},{"data":"A4AAAAAAAAFx","count":1},{"data":"A4AAAAAAAAFy","count":1},{"data":"A4AAAAAAAAFz","count":1},{"data":"A4AAAAAAAAF0","count":1},{"data":"A4AAAAAAAAF1","count":1},{"data":"A4AAAAAAAAF2","count":1},{"data":"A4AAAAAAAAF3","count":1},{"data":"A4AAAAAAAAF4","count":1},{"data":"A4AAAAAAAAF5","count":1},{"data":"A4AAAAAAAAF6","count":1},{"data":"A4AAAAAAAAF7","count":1},{"data":"A4AAAAAAAAF8","count":1},{"data":"A4AAAAAAAAF9","count":1},{"data":"A4AAAAAAAAF+","count":1},{"data":"A4AAAAAAAAF/","count":1},{"data":"A4AAAAAAAAGA","count":1},{"data":"A4AAAAAAAAGB","count":1},{"data":"A4AAAAAAAAGC","count":1},{"data":"A4AAAAAAAAGD","count":1},{"data":"A4AAAAAAAAGE","count":1},{"data":"A4AAAAAAAAGF","count":1},{"data":"A4AAAAAAAAGG","count":1},{"data":"A4AAAAAAAAGH","count":1},{"data":"A4AAAAAAAAGI","count":1},{"data":"A4AAAAAAAAGJ","count":1},{"data":"A4AAAAAAAAGK","count":1},{"data":"A4AAAAAAAAGL","count":1},{"data":"A4AAAAAAAAGM","count":1},{"data":"A4AAAAAAAAGN","count":1},{"data":"A4AAAAAAAAGO","count":1},{"data":"A4AAAAAAAAGP","count":1},{"data":"A4AAAAAAAAGQ","count":1},{"data":"A4AAAAAAAAGR","count":1},{"data":"A4AAAAAAAAGS","count":1},{"data":"A4AAAAAAAAGT","count":1},{"data":"A4AAAAAAAAGU","count":1},{"data":"A4AAAAAAAAGV","count":1},{"data":"A4AAAAAAAAGW","count":1},{"data":"A4AAAAAAAAGX","count":1},{"data":"A4AAAAAAAAGY","count":1},{"data":"A4AAAAAAAAGZ","count":1},{"data":"A4AAAAAAAAGa","count":1},{"data":"A4AAAAAAAAGb","count":1},{"data":"A4AAAAAAAAGc","count":1},{"data":"A4AAAAAAAAGd","count":1},{"data":"A4AAAAAAAAGe","count":1},{"data":"A4AAAAAAAAGf","count":1},{"data":"A4AAAAAAAAGg","count":1},{"data":"A4AAAAAAAAGh","count":1},{"data":"A4AAAAAAAAGi","count":1},{"data":"A4AAAAAAAAGj","count":1},{"data":"A4AAAAAAAAGk","count":1},{"data":"A4AAAAAAAAGl","count":1},{"data":"A4AAAAAAAAGm","count":1},{"data":"A4AAAAAAAAGn","count":1},{"data":"A4AAAAAAAAGo","count":1},{"data":"A4AAAAAAAAGp","count":1},{"data":"A4AAAAAAAAGq","count":1},{"data":"A4AAAAAAAAGr","count":1},{"data":"A4AAAAAAAAGs","count":1},{"data":"A4AAAAAAAAGt","count":1},{"data":"A4AAAAAAAAGu","count":1},{"data":"A4AAAAAAAAGv","count":1},{"data":"A4AAAAAAAAGw","count":1},{"data":"A4AAAAAAAAGx","count":1},{"data":"A4AAAAAAAAGy","count":1},{"data":"A4AAAAAAAAGz","count":1},{"data":"A4AAAAAAAAG0","count":1},{"data":"A4AAAAAAAAG1","count":1},{"data":"A4AAAAAAAAG2","count":1},{"data":"A4AAAAAAAAG3","count":1},{"data":"A4AAAAAAAAG4","count":1},{"data":"A4AAAAAAAAG5","count":1},{"data":"A4AAAAAAAAG6","count":1},{"data":"A4AAAAAAAAG7","count":1},{"data":"A4AAAAAAAAG8","count":1},{"data":"A4AAAAAAAAG9","count":1},{"data":"A4AAAAAAAAG+","count":1},{"data":"A4AAAAAAAAG/","count":1},{"data":"A4AAAAAAAAHA","count":1},{"data":"A4AAAAAAAAHB","count":1},{"data":"A4AAAAAAAAHC","count":1},{"data":"A4AAAAAAAAHD","count":1},{"data":"A4AAAAAAAAHE","count":1},{"data":"A4AAAAAAAAHF","count":1},{"data":"A4AAAAAAAAHG","count":1},{"data":"A4AAAAAAAAHH","count":1},{"data":"A4AAAAAAAAHI","count":1},{"data":"A4AAAAAAAAHJ","count":1},{"data":"A4AAAAAAAAHK","count":1},{"data":"A4AAAAAAAAHL","count":1},{"data":"A4AAAAAAAAHM","count":1},{"data":"A4AAAAAAAAHN","count":1},{"data":"A4AAAAAAAAHO","count":1},{"data":"A4AAAAAAAAHP","count":1},{"data":"A4AAAAAAAAHQ","count":1},{"data":"A4AAAAAAAAHR","count":1},{"data":"A4AAAAAAAAHS","count":1},{"data":"A4AAAAAAAAHT","count":1},{"data":"A4AAAAAAAAHU","count":1},{"data":"A4AAAAAAAAHV","count":1},{"data":"A4AAAAAAAAHW","count":1},{"data":"A4AAAAAAAAHX","count":1},{"data":"A4AAAAAAAAHY","count":1},{"data":"A4AAAAAAAAHZ","count":1},{"data":"A4AAAAAAAAHa","count":1},{"data":"A4AAAAAAAAHb","count":1},{"data":"A4AAAAAAAAHc","count":1},{"data":"A4AAAAAAAAHd","count":1},{"data":"A4AAAAAAAAHe","count":1},{"data":"A4AAAAAAAAHf","count":1},{"data":"A4AAAAAAAAHg","count":1},{"data":"A4AAAAAAAAHh","count":1},{"data":"A4AAAAAAAAHi","count":1},{"data":"A4AAAAAAAAHj","count":1},{"data":"A4AAAAAAAAHk","count":1},{"data":"A4AAAAAAAAHl","count":1},{"data":"A4AAAAAAAAHm","count":1},{"data":"A4AAAAAAAAHn","count":1},{"data":"A4AAAAAAAAHo","count":1},{"data":"A4AAAAAAAAHp","count":1},{"data":"A4AAAAAAAAHq","count":1},{"data":"A4AAAAAAAAHr","count":1},{"data":"A4AAAAAAAAHs","count":1},{"data":"A4AAAAAAAAHt","count":1},{"data":"A4AAAAAAAAHu","count":1},{"data":"A4AAAAAAAAHv","count":1},{"data":"A4AAAAAAAAHw","count":1},{"data":"A4AAAAAAAAHx","count":1},{"data":"A4AAAAAAAAHy","count":1},{"data":"A4AAAAAAAAHz","count":1},{"data":"A4AAAAAAAAH0","count":1}],"default_value":0},"fm_sketch":null,"null_count":0,"tot_col_size":57600,"last_update_version":437564343393189889,"correlation":1,"stats_ver":2},"hd_dep_count":{"histogram":{"ndv":10},"cm_sketch":{"top_n":[{"data":"A4AAAAAAAAAA","count":720},{"data":"A4AAAAAAAAAB","count":720},{"data":"A4AAAAAAAAAC","count":720},{"data":"A4AAAAAAAAAD","count":720},{"data":"A4AAAAAAAAAE","count":720},{"data":"A4AAAAAAAAAF","count":720},{"data":"A4AAAAAAAAAG","count":720},{"data":"A4AAAAAAAAAH","count":720},{"data":"A4AAAAAAAAAI","count":720},{"data":"A4AAAAAAAAAJ","count":720}],"default_value":0},"fm_sketch":null,"null_count":0,"tot_col_size":57600,"last_update_version":437564343393189889,"correlation":0.26176238159263854,"stats_ver":2},"hd_income_band_sk":{"histogram":{"ndv":20},"cm_sketch":{"top_n":[{"data":"A4AAAAAAAAAB","count":360},{"data":"A4AAAAAAAAAC","count":360},{"data":"A4AAAAAAAAAD","count":360},{"data":"A4AAAAAAAAAE","count":360},{"data":"A4AAAAAAAAAF","count":360},{"data":"A4AAAAAAAAAG","count":360},{"data":"A4AAAAAAAAAH","count":360},{"data":"A4AAAAAAAAAI","count":360},{"data":"A4AAAAAAAAAJ","count":360},{"data":"A4AAAAAAAAAK","count":360},{"data":"A4AAAAAAAAAL","count":360},{"data":"A4AAAAAAAAAM","count":360},{"data":"A4AAAAAAAAAN","count":360},{"data":"A4AAAAAAAAAO","count":360},{"data":"A4AAAAAAAAAP","count":360},{"data":"A4AAAAAAAAAQ","count":360},{"data":"A4AAAAAAAAAR","count":360},{"data":"A4AAAAAAAAAS","count":360},{"data":"A4AAAAAAAAAT","count":360},{"data":"A4AAAAAAAAAU","count":360}],"default_value":0},"fm_sketch":null,"null_count":0,"tot_col_size":57600,"last_update_version":437564343393189889,"correlation":0.05197878186687465,"stats_ver":2},"hd_vehicle_count":{"histogram":{"ndv":6},"cm_sketch":{"top_n":[{"data":"A3//////////","count":1200},{"data":"A4AAAAAAAAAA","count":1200},{"data":"A4AAAAAAAAAB","count":1200},{"data":"A4AAAAAAAAAC","count":1200},{"data":"A4AAAAAAAAAD","count":1200},{"data":"A4AAAAAAAAAE","count":1200}],"default_value":0},"fm_sketch":null,"null_count":0,"tot_col_size":57600,"last_update_version":437564343393189889,"correlation":0.1663656282092135,"stats_ver":2}},"indices":{},"ext_stats":null,"count":7200,"modify_count":0,"partitions":null}