{"database_name":"tpcds50","table_name":"warehouse","columns":{"w_city":{"histogram":{"ndv":5},"cm_sketch":{"top_n":[{"data":"AUZhaXJ2aWV3/wAAAAAAAAAA9w==","count":3},{"data":"AU1pZHdheQAA/Q==","count":1},{"data":"AU1vdW50IFBs/2Vhc2FudAAA/Q==","count":1},{"data":"AVBsZWFzYW50/yBIaWxsAAAA/A==","count":1},{"data":"AVJpdmVyc2lk/2UAAAAAAAAA+A==","count":1}],"default_value":0},"fm_sketch":null,"null_count":0,"tot_col_size":73,"last_update_version":437520908399149065,"correlation":0.14285714285714285,"stats_ver":2},"w_country":{"histogram":{"ndv":1},"cm_sketch":{"top_n":[{"data":"AVVuaXRlZCBT/3RhdGVzAAAA/A==","count":7}],"default_value":0},"fm_sketch":null,"null_count":0,"tot_col_size":98,"last_update_version":437520908399149065,"correlation":1,"stats_ver":2},"w_county":{"histogram":{"ndv":2},"cm_sketch":{"top_n":[{"data":"AVdhbGtlciBD/291bnR5AAAA/A==","count":2},{"data":"AVppZWJhY2gg/0NvdW50eQAA/Q==","count":5}],"default_value":0},"fm_sketch":null,"null_count":0,"tot_col_size":103,"last_update_version":437520908399149065,"correlation":0.7142857142857143,"stats_ver":2},"w_gmt_offset":{"histogram":{"ndv":1},"cm_sketch":{"top_n":[{"data":"BgUCf/n/","count":6}],"default_value":0},"fm_sketch":null,"null_count":1,"tot_col_size":30,"last_update_version":437520908399149065,"correlation":1.5142857142857142,"stats_ver":2},"w_state":{"histogram":{"ndv":2},"cm_sketch":{"top_n":[{"data":"AUFMAAAAAAAA+Q==","count":2},{"data":"AVNEAAAAAAAA+Q==","count":5}],"default_value":0},"fm_sketch":null,"null_count":0,"tot_col_size":21,"last_update_version":437520908399149065,"correlation":0.7142857142857143,"stats_ver":2},"w_street_name":{"histogram":{"ndv":6},"cm_sketch":{"top_n":[{"data":"ATZ0aCAAAAAA+w==","count":1},{"data":"ATd0aCBTdW5z/2V0AAAAAAAA+Q==","count":1},{"data":"AUFzaCBMYXVy/2VsAAAAAAAA+Q==","count":1},{"data":"AUxpbmNvbG4g/0FkYW1zAAAA/A==","count":1},{"data":"AVZpZXcgRmly/3N0AAAAAAAA+Q==","count":1},{"data":"AVdpbHNvbiBF/2xtAAAAAAAA+Q==","count":1}],"default_value":0},"fm_sketch":null,"null_count":1,"tot_col_size":63,"last_update_version":437520908399149065,"correlation":0.37142857142857144,"stats_ver":2},"w_street_number":{"histogram":{"ndv":6},"cm_sketch":{"top_n":[{"data":"ATM2OAAAAAAA+g==","count":1},{"data":"ATUzNAAAAAAA+g==","count":1},{"data":"ATYwMAAAAAAA+g==","count":1},{"data":"ATY1MQAAAAAA+g==","count":1},{"data":"ATY5AAAAAAAA+Q==","count":1},{"data":"ATk1NwAAAAAA+g==","count":1}],"default_value":0},"fm_sketch":null,"null_count":1,"tot_col_size":23,"last_update_version":437520908399149065,"correlation":0.8857142857142857,"stats_ver":2},"w_street_type":{"histogram":{"ndv":5},"cm_sketch":{"top_n":[{"data":"AUF2ZW51ZQAA/Q==","count":1},{"data":"AUN0LgAAAAAA+g==","count":1},{"data":"AURyLgAAAAAA+g==","count":2},{"data":"AURyaXZlAAAA/A==","count":1},{"data":"AVBhcmt3YXkA/g==","count":1}],"default_value":0},"fm_sketch":null,"null_count":1,"tot_col_size":33,"last_update_version":437520908399149065,"correlation":-0.02857142857142857,"stats_ver":2},"w_suite_number":{"histogram":{"ndv":6},"cm_sketch":{"top_n":[{"data":"AVN1aXRlIDAA/g==","count":1},{"data":"AVN1aXRlIDM1/zAAAAAAAAAA+A==","count":1},{"data":"AVN1aXRlIDQ3/zAAAAAAAAAA+A==","count":1},{"data":"AVN1aXRlIDgw/wAAAAAAAAAA9w==","count":1},{"data":"AVN1aXRlIFAA/g==","count":1},{"data":"AVN1aXRlIFgA/g==","count":1}],"default_value":0},"fm_sketch":null,"null_count":1,"tot_col_size":53,"last_update_version":437520908399149065,"correlation":0.37142857142857144,"stats_ver":2},"w_warehouse_id":{"histogram":{"ndv":7},"cm_sketch":{"top_n":[{"data":"AUFBQUFBQUFB/0JBQUFBQUFB/wAAAAAAAAAA9w==","count":1},{"data":"AUFBQUFBQUFB/0NBQUFBQUFB/wAAAAAAAAAA9w==","count":1},{"data":"AUFBQUFBQUFB/0RBQUFBQUFB/wAAAAAAAAAA9w==","count":1},{"data":"AUFBQUFBQUFB/0VBQUFBQUFB/wAAAAAAAAAA9w==","count":1},{"data":"AUFBQUFBQUFB/0ZBQUFBQUFB/wAAAAAAAAAA9w==","count":1},{"data":"AUFBQUFBQUFB/0dBQUFBQUFB/wAAAAAAAAAA9w==","count":1},{"data":"AUFBQUFBQUFB/0hBQUFBQUFB/wAAAAAAAAAA9w==","count":1}],"default_value":0},"fm_sketch":null,"null_count":0,"tot_col_size":119,"last_update_version":437520908399149065,"correlation":1,"stats_ver":2},"w_warehouse_name":{"histogram":{"ndv":6},"cm_sketch":{"top_n":[{"data":"AUJhZCBjYXJk/3MgbXVzdCBt/2FrZS4AAAAA+w==","count":1},{"data":"AUNvbnZlbnRp/29uYWwgY2hp/2xkcgAAAAAA+g==","count":1},{"data":"AURvb3JzIGNh/25ubwAAAAAA+g==","count":1},{"data":"AUltcG9ydGFu/3QgaXNzdWVz/yBsaXYAAAAA+w==","count":1},{"data":"AUxvY2FsLCBt/2FzcyB1bml2/2Vyc2kAAAAA+w==","count":1},{"data":"AVF1aXRlIGVm/2ZlY3RpdgAA/Q==","count":1}],"default_value":0},"fm_sketch":null,"null_count":1,"tot_col_size":110,"last_update_version":437520908399149065,"correlation":1.1142857142857143,"stats_ver":2},"w_warehouse_sk":{"histogram":{"ndv":7},"cm_sketch":{"top_n":[{"data":"A4AAAAAAAAAB","count":1},{"data":"A4AAAAAAAAAC","count":1},{"data":"A4AAAAAAAAAD","count":1},{"data":"A4AAAAAAAAAE","count":1},{"data":"A4AAAAAAAAAF","count":1},{"data":"A4AAAAAAAAAG","count":1},{"data":"A4AAAAAAAAAH","count":1}],"default_value":0},"fm_sketch":null,"null_count":0,"tot_col_size":56,"last_update_version":437520908399149065,"correlation":1,"stats_ver":2},"w_warehouse_sq_ft":{"histogram":{"ndv":6},"cm_sketch":{"top_n":[{"data":"A4AAAAAAAh0I","count":1},{"data":"A4AAAAAABH1i","count":1},{"data":"A4AAAAAACXqy","count":1},{"data":"A4AAAAAAChvL","count":1},{"data":"A4AAAAAADMyN","count":1},{"data":"A4AAAAAADut7","count":1}],"default_value":0},"fm_sketch":null,"null_count":1,"tot_col_size":48,"last_update_version":437520908399149065,"correlation":0.4857142857142857,"stats_ver":2},"w_zip":{"histogram":{"ndv":6},"cm_sketch":{"top_n":[{"data":"ATM1NzA5AAAA/A==","count":2},{"data":"ATUxOTA0AAAA/A==","count":1},{"data":"ATUxOTMzAAAA/A==","count":1},{"data":"ATUzNjA0AAAA/A==","count":1},{"data":"ATU1NzA5AAAA/A==","count":1},{"data":"ATU5MjMxAAAA/A==","count":1}],"default_value":0},"fm_sketch":null,"null_count":0,"tot_col_size":42,"last_update_version":437520908399149065,"correlation":-0.21428571428571427,"stats_ver":2}},"indices":{},"ext_stats":null,"count":7,"modify_count":0,"partitions":null}