{"database_name":"tpcds50","table_name":"call_center","columns":{"cc_call_center_id":{"histogram":{"ndv":5},"cm_sketch":{"top_n":[{"data":"AUFBQUFBQUFB/0JBQUFBQUFB/wAAAAAAAAAA9w==","count":1},{"data":"AUFBQUFBQUFB/0NBQUFBQUFB/wAAAAAAAAAA9w==","count":2},{"data":"AUFBQUFBQUFB/0VBQUFBQUFB/wAAAAAAAAAA9w==","count":3},{"data":"AUFBQUFBQUFB/0hBQUFBQUFB/wAAAAAAAAAA9w==","count":1},{"data":"AUFBQUFBQUFB/0lBQUFBQUFB/wAAAAAAAAAA9w==","count":1}],"default_value":0},"fm_sketch":null,"null_count":0,"tot_col_size":136,"last_update_version":437520694895968271,"correlation":1,"stats_ver":2},"cc_call_center_sk":{"histogram":{"ndv":8},"cm_sketch":{"top_n":[{"data":"A4AAAAAAAAAB","count":1},{"data":"A4AAAAAAAAAC","count":1},{"data":"A4AAAAAAAAAD","count":1},{"data":"A4AAAAAAAAAE","count":1},{"data":"A4AAAAAAAAAF","count":1},{"data":"A4AAAAAAAAAG","count":1},{"data":"A4AAAAAAAAAH","count":1},{"data":"A4AAAAAAAAAI","count":1}],"default_value":0},"fm_sketch":null,"null_count":0,"tot_col_size":64,"last_update_version":437520694895968271,"correlation":1,"stats_ver":2},"cc_city":{"histogram":{"ndv":5},"cm_sketch":{"top_n":[{"data":"AUZhaXJ2aWV3/wAAAAAAAAAA9w==","count":1},{"data":"AUZpdmUgUG9p/250cwAAAAAA+g==","count":3},{"data":"AU1pZHdheQAA/Q==","count":2},{"data":"AU9hayBHcm92/2UAAAAAAAAA+A==","count":1},{"data":"AVJpdmVyc2lk/2UAAAAAAAAA+A==","count":1}],"default_value":0},"fm_sketch":null,"null_count":0,"tot_col_size":79,"last_update_version":437520694895968271,"correlation":-0.38095238095238093,"stats_ver":2},"cc_class":{"histogram":{"ndv":3},"cm_sketch":{"top_n":[{"data":"AWxhcmdlAAAA/A==","count":1},{"data":"AW1lZGl1bQAA/Q==","count":4},{"data":"AXNtYWxsAAAA/A==","count":3}],"default_value":0},"fm_sketch":null,"null_count":0,"tot_col_size":52,"last_update_version":437520694895968271,"correlation":0.9761904761904762,"stats_ver":2},"cc_closed_date_sk":{"histogram":{"ndv":0},"cm_sketch":null,"fm_sketch":null,"null_count":8,"tot_col_size":0,"last_update_version":437520694895968271,"correlation":0,"stats_ver":2},"cc_company":{"histogram":{"ndv":5},"cm_sketch":{"top_n":[{"data":"A4AAAAAAAAAB","count":1},{"data":"A4AAAAAAAAAC","count":2},{"data":"A4AAAAAAAAAD","count":3},{"data":"A4AAAAAAAAAE","count":1},{"data":"A4AAAAAAAAAG","count":1}],"default_value":0},"fm_sketch":null,"null_count":0,"tot_col_size":64,"last_update_version":437520694895968271,"correlation":0.09523809523809523,"stats_ver":2},"cc_company_name":{"histogram":{"ndv":5},"cm_sketch":{"top_n":[{"data":"AWFibGUAAAAA+w==","count":2},{"data":"AWNhbGx5AAAA/A==","count":1},{"data":"AWVzZQAAAAAA+g==","count":1},{"data":"AW91Z2h0AAAA/A==","count":1},{"data":"AXByaQAAAAAA+g==","count":3}],"default_value":0},"fm_sketch":null,"null_count":0,"tot_col_size":38,"last_update_version":437520694895968271,"correlation":0.11904761904761904,"stats_ver":2},"cc_country":{"histogram":{"ndv":1},"cm_sketch":{"top_n":[{"data":"AVVuaXRlZCBT/3RhdGVzAAAA/A==","count":8}],"default_value":0},"fm_sketch":null,"null_count":0,"tot_col_size":112,"last_update_version":437520694895968271,"correlation":1,"stats_ver":2},"cc_county":{"histogram":{"ndv":3},"cm_sketch":{"top_n":[{"data":"AVdhbGtlciBD/291bnR5AAAA/A==","count":1},{"data":"AVdpbGxpYW1z/29uIENvdW50/3kAAAAAAAAA+A==","count":4},{"data":"AVppZWJhY2gg/0NvdW50eQAA/Q==","count":3}],"default_value":0},"fm_sketch":null,"null_count":0,"tot_col_size":131,"last_update_version":437520694895968271,"correlation":0.2857142857142857,"stats_ver":2},"cc_division":{"histogram":{"ndv":4},"cm_sketch":{"top_n":[{"data":"A4AAAAAAAAAB","count":1},{"data":"A4AAAAAAAAAD","count":1},{"data":"A4AAAAAAAAAE","count":2},{"data":"A4AAAAAAAAAF","count":4}],"default_value":0},"fm_sketch":null,"null_count":0,"tot_col_size":64,"last_update_version":437520694895968271,"correlation":0.8095238095238095,"stats_ver":2},"cc_division_name":{"histogram":{"ndv":4},"cm_sketch":{"top_n":[{"data":"AWFudGkAAAAA+w==","count":4},{"data":"AWVzZQAAAAAA+g==","count":2},{"data":"AW91Z2h0AAAA/A==","count":1},{"data":"AXByaQAAAAAA+g==","count":1}],"default_value":0},"fm_sketch":null,"null_count":0,"tot_col_size":38,"last_update_version":437520694895968271,"correlation":-0.38095238095238093,"stats_ver":2},"cc_employees":{"histogram":{"ndv":7},"cm_sketch":{"top_n":[{"data":"A4AAAAAAAAYm","count":2},{"data":"A4AAAAAAAAt3","count":1},{"data":"A4AAAAAAABKe","count":1},{"data":"A4AAAAAAABiI","count":1},{"data":"A4AAAAAAACeZ","count":1},{"data":"A4AAAAAAADM+","count":1},{"data":"A4AAAAAAAEP2","count":1}],"default_value":0},"fm_sketch":null,"null_count":0,"tot_col_size":64,"last_update_version":437520694895968271,"correlation":0.5238095238095238,"stats_ver":2},"cc_gmt_offset":{"histogram":{"ndv":2},"cm_sketch":{"top_n":[{"data":"BgUCf/n/","count":4},{"data":"BgUCf/r/","count":4}],"default_value":0},"fm_sketch":null,"null_count":0,"tot_col_size":40,"last_update_version":437520694895968271,"correlation":0,"stats_ver":2},"cc_hours":{"histogram":{"ndv":3},"cm_sketch":{"top_n":[{"data":"AThBTS0xMkFN/wAAAAAAAAAA9w==","count":1},{"data":"AThBTS00UE0A/g==","count":5},{"data":"AThBTS04QU0A/g==","count":2}],"default_value":0},"fm_sketch":null,"null_count":0,"tot_col_size":65,"last_update_version":437520694895968271,"correlation":-0.023809523809523808,"stats_ver":2},"cc_manager":{"histogram":{"ndv":6},"cm_sketch":{"top_n":[{"data":"AUFsZGVuIFNu/3lkZXIAAAAA+w==","count":1},{"data":"AUJvYiBCZWxj/2hlcgAAAAAA+g==","count":1},{"data":"AUZlbGlwZSBQ/2Vya2lucwAA/Q==","count":1},{"data":"AUxhcnJ5IE1j/2NyYXkAAAAA+w==","count":3},{"data":"AU1hcmsgSGln/2h0b3dlcgAA/Q==","count":1},{"data":"AVdheW5lIFJh/3kAAAAAAAAA+A==","count":1}],"default_value":0},"fm_sketch":null,"null_count":0,"tot_col_size":104,"last_update_version":437520694895968271,"correlation":0.35714285714285715,"stats_ver":2},"cc_market_manager":{"histogram":{"ndv":6},"cm_sketch":{"top_n":[{"data":"AURhbmllbCBX/2VsbGVyAAAA/A==","count":1},{"data":"AUZyZWRlcmlj/2sgV2VhdmVy/wAAAAAAAAAA9w==","count":1},{"data":"AUdhcnkgQ29s/2J1cm4AAAAA+w==","count":2},{"data":"AUp1bGl1cyBE/3VyaGFtAAAA/A==","count":2},{"data":"AUp1bGl1cyBU/3JhbgAAAAAA+g==","count":1},{"data":"AU1hdHRoZXcg/0NsaWZ0b24A/g==","count":1}],"default_value":0},"fm_sketch":null,"null_count":0,"tot_col_size":113,"last_update_version":437520694895968271,"correlation":-0.8095238095238095,"stats_ver":2},"cc_mkt_class":{"histogram":{"ndv":7},"cm_sketch":{"top_n":[{"data":"AUEgYml0IG5h/3Jyb3cgZm9y/21zIG1hdHRl/3IgYW5pbWFs/3MuIENvbnNp/3N0AAAAAAAA+Q==","count":1},{"data":"AURlYWxlcnMg/21ha2UgbW9z/3QgaGlzdG9y/2ljYWwsIGRp/3JlY3Qgc3R1/2RlbnRzAAAA/A==","count":2},{"data":"AUhlcmUgcG9z/3NpYmxlIG5v/3Rpb25zIGFy/3JpdmUgb25s/3kuIEFyAAAA/A==","count":1},{"data":"AU1ham9yLCBm/29ybWFsIHN0/2F0ZXMgY2Fu/yBzdXBwb3IA/g==","count":1},{"data":"AU1vcmUgdGhh/24gb3RoZXIg/2F1dGhvcmkA/g==","count":1},{"data":"AVNpbGx5IHBh/3J0aWNsZXMg/2NvdWxkIHBy/28AAAAAAAAA+A==","count":1},{"data":"AVdyb25nIHRy/29vcHMgc2hh/2xsIHdvcmsg/3NvbWV0aW1l/3MgaW4gYSBv/3B0aQAAAAAA+g==","count":1}],"default_value":0},"fm_sketch":null,"null_count":0,"tot_col_size":299,"last_update_version":437520694895968271,"correlation":0.047619047619047616,"stats_ver":2},"cc_mkt_desc":{"histogram":{"ndv":6},"cm_sketch":{"top_n":[{"data":"AUJsdWUsIGR1/2UgYmVkcyBj/29tZS4gUG9s/2l0aWNpYW5z/yB3b3VsZCBu/290IG1ha2Ug/2ZhciB0aG91/2dodHMuIFNw/2VjaWZpY2Fs/2x5IG5ldyBo/29yc2VzIHBh/3J0aWMAAAAA+w==","count":2},{"data":"AUNvbW1vbiwg/2ZyZWUgY3Jl/2RpdG9ycyBz/2hvdWxkIGV4/3BlcgAAAAAA+g==","count":1},{"data":"AUxhcmdlbHkg/2JsYW5rIHll/2FycyBwdXQg/3N1YnN0YW50/2lhbGx5IGRl/2FmLCBuZXcg/290aGVycy4g/1F1ZXN0aW9u/wAAAAAAAAAA9w==","count":2},{"data":"AVJlZHVjZWQs/yBzdWJzZXF1/2VudCBiYXNl/3MgY291bGQg/25vdCBsaWsA/g==","count":1},{"data":"AVJpY2ggZ3Jv/3VwcyBjYXRj/2ggbG9uZ2Vy/yBvdGhlciBm/2VhcnM7IGZ1/3R1cmUsAAAA/A==","count":1},{"data":"AVNoYXJlZCBv/3RoZXJzIGNv/3VsZCBub3Qg/2NvdW50IGZ1/2xseSBkb2xs/2Fycy4gTmV3/yBtZW1iZXJz/yBjYQAAAAAA+g==","count":1}],"default_value":0},"fm_sketch":null,"null_count":0,"tot_col_size":502,"last_update_version":437520694895968271,"correlation":-0.47619047619047616,"stats_ver":2},"cc_mkt_id":{"histogram":{"ndv":3},"cm_sketch":{"top_n":[{"data":"A4AAAAAAAAAC","count":4},{"data":"A4AAAAAAAAAF","count":1},{"data":"A4AAAAAAAAAG","count":3}],"default_value":0},"fm_sketch":null,"null_count":0,"tot_col_size":64,"last_update_version":437520694895968271,"correlation":0.6428571428571429,"stats_ver":2},"cc_name":{"histogram":{"ndv":5},"cm_sketch":{"top_n":[{"data":"AUNhbGlmb3Ju/2lhAAAAAAAA+Q==","count":1},{"data":"AU1pZCBBdGxh/250aWMAAAAA+w==","count":2},{"data":"AU5ZIE1ldHJv/wAAAAAAAAAA9w==","count":1},{"data":"AU5vcnRoIE1p/2R3ZXN0AAAA/A==","count":3},{"data":"AVBhY2lmaWMg/05vcnRod2Vz/3QAAAAAAAAA+A==","count":1}],"default_value":0},"fm_sketch":null,"null_count":0,"tot_col_size":106,"last_update_version":437520694895968271,"correlation":0.2619047619047619,"stats_ver":2},"cc_open_date_sk":{"histogram":{"ndv":5},"cm_sketch":{"top_n":[{"data":"A4AAAAAAJWV2","count":2},{"data":"A4AAAAAAJWV4","count":1},{"data":"A4AAAAAAJWYI","count":1},{"data":"A4AAAAAAJWZQ","count":1},{"data":"A4AAAAAAJWZ3","count":3}],"default_value":0},"fm_sketch":null,"null_count":0,"tot_col_size":64,"last_update_version":437520694895968271,"correlation":0.38095238095238093,"stats_ver":2},"cc_rec_end_date":{"histogram":{"ndv":3},"cm_sketch":{"top_n":[{"data":"BBlkQgAAAAAA","count":1},{"data":"BBlnPgAAAAAA","count":2},{"data":"BBlqfgAAAAAA","count":1}],"default_value":0},"fm_sketch":null,"null_count":4,"tot_col_size":32,"last_update_version":437520694895968271,"correlation":3.6,"stats_ver":2},"cc_rec_start_date":{"histogram":{"ndv":4},"cm_sketch":{"top_n":[{"data":"BBldwgAAAAAA","count":5},{"data":"BBlkRAAAAAAA","count":1},{"data":"BBlnggAAAAAA","count":1},{"data":"BBlqwgAAAAAA","count":1}],"default_value":0},"fm_sketch":null,"null_count":0,"tot_col_size":64,"last_update_version":437520694895968271,"correlation":0.5238095238095238,"stats_ver":2},"cc_sq_ft":{"histogram":{"ndv":8},"cm_sketch":{"top_n":[{"data":"A4AAAAAACRQc","count":1},{"data":"A4AAAAAAEIxG","count":1},{"data":"A4AAAAAAGXt/","count":1},{"data":"A4AAAAAAGoso","count":1},{"data":"A4AAAAAAJYZ4","count":1},{"data":"A4AAAAAARlmm","count":1},{"data":"A4AAAAAAZGLh","count":1},{"data":"A4AAAAAAZHuU","count":1}],"default_value":0},"fm_sketch":null,"null_count":0,"tot_col_size":64,"last_update_version":437520694895968271,"correlation":0.5476190476190477,"stats_ver":2},"cc_state":{"histogram":{"ndv":3},"cm_sketch":{"top_n":[{"data":"AUFMAAAAAAAA+Q==","count":1},{"data":"AVNEAAAAAAAA+Q==","count":3},{"data":"AVROAAAAAAAA+Q==","count":4}],"default_value":0},"fm_sketch":null,"null_count":0,"tot_col_size":24,"last_update_version":437520694895968271,"correlation":-0.14285714285714285,"stats_ver":2},"cc_street_name":{"histogram":{"ndv":5},"cm_sketch":{"top_n":[{"data":"AUFzaCBIaWxs/wAAAAAAAAAA9w==","count":1},{"data":"AUNlZGFyIEVs/20AAAAAAAAA+A==","count":1},{"data":"AUNlbnRlciBI/2lsbAAAAAAA+g==","count":2},{"data":"AUplZmZlcnNv/24gVGVudGgA/g==","count":1},{"data":"AVBpbmUgUmlk/2dlAAAAAAAA+Q==","count":3}],"default_value":0},"fm_sketch":null,"null_count":0,"tot_col_size":92,"last_update_version":437520694895968271,"correlation":0.35714285714285715,"stats_ver":2},"cc_street_number":{"histogram":{"ndv":5},"cm_sketch":{"top_n":[{"data":"ATQxNQAAAAAA+g==","count":1},{"data":"ATQ2MwAAAAAA+g==","count":3},{"data":"ATU1MAAAAAAA+g==","count":1},{"data":"ATczMAAAAAAA+g==","count":1},{"data":"ATk4NAAAAAAA+g==","count":2}],"default_value":0},"fm_sketch":null,"null_count":0,"tot_col_size":32,"last_update_version":437520694895968271,"correlation":-0.5714285714285714,"stats_ver":2},"cc_street_type":{"histogram":{"ndv":5},"cm_sketch":{"top_n":[{"data":"AUJvdWxldmFy/2QAAAAAAAAA+A==","count":1},{"data":"AUNvdXJ0AAAA/A==","count":1},{"data":"AUN0LgAAAAAA+g==","count":1},{"data":"AVJEAAAAAAAA+Q==","count":3},{"data":"AVdheQAAAAAA+g==","count":2}],"default_value":0},"fm_sketch":null,"null_count":0,"tot_col_size":37,"last_update_version":437520694895968271,"correlation":-0.19047619047619047,"stats_ver":2},"cc_suite_number":{"histogram":{"ndv":5},"cm_sketch":{"top_n":[{"data":"AVN1aXRlIDAA/g==","count":1},{"data":"AVN1aXRlIDE4/zAAAAAAAAAA+A==","count":1},{"data":"AVN1aXRlIDcw/wAAAAAAAAAA9w==","count":2},{"data":"AVN1aXRlIEkA/g==","count":1},{"data":"AVN1aXRlIFUA/g==","count":3}],"default_value":0},"fm_sketch":null,"null_count":0,"tot_col_size":68,"last_update_version":437520694895968271,"correlation":0.42857142857142855,"stats_ver":2},"cc_tax_percentage":{"histogram":{"ndv":6},"cm_sketch":{"top_n":[{"data":"BgUCgAAA","count":1},{"data":"BgUCgAAB","count":1},{"data":"BgUCgAAF","count":1},{"data":"BgUCgAAG","count":1},{"data":"BgUCgAAL","count":2},{"data":"BgUCgAAM","count":2}],"default_value":0},"fm_sketch":null,"null_count":0,"tot_col_size":40,"last_update_version":437520694895968271,"correlation":-0.23809523809523808,"stats_ver":2},"cc_zip":{"histogram":{"ndv":5},"cm_sketch":{"top_n":[{"data":"ATMxOTA0AAAA/A==","count":2},{"data":"ATM1NzA5AAAA/A==","count":1},{"data":"ATM4MzcwAAAA/A==","count":1},{"data":"ATM5MjMxAAAA/A==","count":1},{"data":"ATU2MDk4AAAA/A==","count":3}],"default_value":0},"fm_sketch":null,"null_count":0,"tot_col_size":48,"last_update_version":437520694895968271,"correlation":0.38095238095238093,"stats_ver":2}},"indices":{},"ext_stats":null,"count":8,"modify_count":0,"partitions":null}