{"database_name":"tpcds50","table_name":"customer_demographics","columns":{"cd_credit_rating":{"histogram":{"ndv":4},"cm_sketch":{"top_n":[{"data":"AUdvb2QAAAAA+w==","count":467959},{"data":"AUhpZ2ggUmlz/2sAAAAAAAAA+A==","count":470526},{"data":"AUxvdyBSaXNr/wAAAAAAAAAA9w==","count":461533},{"data":"AVVua25vd24A/g==","count":470084}],"default_value":0},"fm_sketch":null,"null_count":0,"tot_col_size":15366400,"last_update_version":437520778729619462,"correlation":0.25238677976463086,"stats_ver":2},"cd_demo_sk":{"histogram":{"ndv":1917952,"buckets":[{"count":7508,"lower_bound":"Mw==","upper_bound":"NzM1MQ==","repeats":1,"ndv":0},{"count":15016,"lower_bound":"NzM2MA==","upper_bound":"MTU2MjE=","repeats":1,"ndv":0},{"count":22524,"lower_bound":"MTU2NTI=","upper_bound":"MjMxODk=","repeats":1,"ndv":0},{"count":30032,"lower_bound":"MjMxOTc=","upper_bound":"MzA0ODc=","repeats":1,"ndv":0},{"count":37540,"lower_bound":"MzA2MjM=","upper_bound":"Mzc5Mzc=","repeats":1,"ndv":0},{"count":45049,"lower_bound":"Mzc5NzU=","upper_bound":"NDU3MzM=","repeats":1,"ndv":0},{"count":52557,"lower_bound":"NDU3NjU=","upper_bound":"NTM2ODQ=","repeats":1,"ndv":0},{"count":60065,"lower_bound":"NTM2OTA=","upper_bound":"NjA5NzY=","repeats":1,"ndv":0},{"count":67573,"lower_bound":"NjA5ODE=","upper_bound":"NjgyMDM=","repeats":1,"ndv":0},{"count":75081,"lower_bound":"NjgyMTQ=","upper_bound":"NzU4NjM=","repeats":1,"ndv":0},{"count":82589,"lower_bound":"NzU4OTI=","upper_bound":"ODM0NDI=","repeats":1,"ndv":0},{"count":90098,"lower_bound":"ODM0OTk=","upper_bound":"OTEyMTY=","repeats":1,"ndv":0},{"count":97606,"lower_bound":"OTEyMTc=","upper_bound":"OTg4NzU=","repeats":1,"ndv":0},{"count":105114,"lower_bound":"OTg5MDI=","upper_bound":"MTA2NzE1","repeats":1,"ndv":0},{"count":112622,"lower_bound":"MTA2NzIz","upper_bound":"MTE0NzA1","repeats":1,"ndv":0},{"count":120130,"lower_bound":"MTE0NzA3","upper_bound":"MTIxODg4","repeats":1,"ndv":0},{"count":127638,"lower_bound":"MTIxODky","upper_bound":"MTI4ODky","repeats":1,"ndv":0},{"count":135147,"lower_bound":"MTI4OTI4","upper_bound":"MTM1ODQw","repeats":1,"ndv":0},{"count":142655,"lower_bound":"MTM1ODc4","upper_bound":"MTQyODc3","repeats":1,"ndv":0},{"count":150163,"lower_bound":"MTQyOTAy","upper_bound":"MTUwMjUx","repeats":1,"ndv":0},{"count":157671,"lower_bound":"MTUwMjYw","upper_bound":"MTU3NjA4","repeats":1,"ndv":0},{"count":165179,"lower_bound":"MTU3NjA5","upper_bound":"MTY1MTkz","repeats":1,"ndv":0},{"count":172687,"lower_bound":"MTY1MjA4","upper_bound":"MTcyNzI4","repeats":1,"ndv":0},{"count":180196,"lower_bound":"MTcyNzMw","upper_bound":"MTgwNTc0","repeats":1,"ndv":0},{"count":187704,"lower_bound":"MTgwNTc1","upper_bound":"MTg3NDU1","repeats":1,"ndv":0},{"count":195212,"lower_bound":"MTg3NDY2","upper_bound":"MTk1MTYz","repeats":1,"ndv":0},{"count":202720,"lower_bound":"MTk1MTg0","upper_bound":"MjAyNTM3","repeats":1,"ndv":0},{"count":210228,"lower_bound":"MjAyNTY2","upper_bound":"MjEwMDI4","repeats":1,"ndv":0},{"count":217736,"lower_bound":"MjEwMDMx","upper_bound":"MjE3MDUz","repeats":1,"ndv":0},{"count":225245,"lower_bound":"MjE3MDY1","upper_bound":"MjI0NzQ2","repeats":1,"ndv":0},{"count":232753,"lower_bound":"MjI0NzYx","upper_bound":"MjMyMDc0","repeats":1,"ndv":0},{"count":240261,"lower_bound":"MjMyMDky","upper_bound":"MjM5NzMy","repeats":1,"ndv":0},{"count":247769,"lower_bound":"MjM5NzU3","upper_bound":"MjQ2Nzk0","repeats":1,"ndv":0},{"count":255277,"lower_bound":"MjQ2ODI2","upper_bound":"MjU0OTU2","repeats":1,"ndv":0},{"count":262786,"lower_bound":"MjU0OTkw","upper_bound":"MjYyNTgy","repeats":1,"ndv":0},{"count":270294,"lower_bound":"MjYyNjE4","upper_bound":"MjY5Nzgz","repeats":1,"ndv":0},{"count":277802,"lower_bound":"MjY5ODEw","upper_bound":"Mjc4MDcw","repeats":1,"ndv":0},{"count":285310,"lower_bound":"Mjc4MDky","upper_bound":"Mjg1NzAx","repeats":1,"ndv":0},{"count":292818,"lower_bound":"Mjg1NzM1","upper_bound":"MjkzNDc2","repeats":1,"ndv":0},{"count":300326,"lower_bound":"MjkzNDg3","upper_bound":"MzAwODU3","repeats":1,"ndv":0},{"count":307835,"lower_bound":"MzAwODY5","upper_bound":"MzA4MjYx","repeats":1,"ndv":0},{"count":315343,"lower_bound":"MzA4Mjkx","upper_bound":"MzE1ODM1","repeats":1,"ndv":0},{"count":322851,"lower_bound":"MzE1ODU5","upper_bound":"MzIzMzc3","repeats":1,"ndv":0},{"count":330359,"lower_bound":"MzIzNDI0","upper_bound":"MzMwODAw","repeats":1,"ndv":0},{"count":337867,"lower_bound":"MzMwODAx","upper_bound":"MzM4NDU1","repeats":1,"ndv":0},{"count":345375,"lower_bound":"MzM4NDgy","upper_bound":"MzQ2NTQ4","repeats":1,"ndv":0},{"count":352884,"lower_bound":"MzQ2NTg0","upper_bound":"MzU0MDU1","repeats":1,"ndv":0},{"count":360392,"lower_bound":"MzU0MDU2","upper_bound":"MzYxNDEw","repeats":1,"ndv":0},{"count":367900,"lower_bound":"MzYxNDEx","upper_bound":"MzY4OTc4","repeats":1,"ndv":0},{"count":375408,"lower_bound":"MzY5MDI0","upper_bound":"Mzc2Mjk3","repeats":1,"ndv":0},{"count":382916,"lower_bound":"Mzc2Mjk5","upper_bound":"MzgzNTc0","repeats":1,"ndv":0},{"count":390424,"lower_bound":"MzgzNTgz","upper_bound":"MzkwNjM2","repeats":1,"ndv":0},{"count":397933,"lower_bound":"MzkwNjQ5","upper_bound":"Mzk4NDQx","repeats":1,"ndv":0},{"count":405441,"lower_bound":"Mzk4NDYy","upper_bound":"NDA0OTE3","repeats":1,"ndv":0},{"count":412949,"lower_bound":"NDA0OTU3","upper_bound":"NDEyMjM1","repeats":1,"ndv":0},{"count":420457,"lower_bound":"NDEyMjQ4","upper_bound":"NDE5NTY4","repeats":1,"ndv":0},{"count":427965,"lower_bound":"NDE5NTY5","upper_bound":"NDI3MDgz","repeats":1,"ndv":0},{"count":435473,"lower_bound":"NDI3MDkw","upper_bound":"NDM0OTk3","repeats":1,"ndv":0},{"count":442982,"lower_bound":"NDM1MDQw","upper_bound":"NDQyNjcw","repeats":1,"ndv":0},{"count":450490,"lower_bound":"NDQyNjcy","upper_bound":"NDQ5OTY0","repeats":1,"ndv":0},{"count":457998,"lower_bound":"NDQ5OTg5","upper_bound":"NDU3NTQ3","repeats":1,"ndv":0},{"count":465506,"lower_bound":"NDU3NTU5","upper_bound":"NDY0ODMw","repeats":1,"ndv":0},{"count":473014,"lower_bound":"NDY0ODM5","upper_bound":"NDcyNDgx","repeats":1,"ndv":0},{"count":480523,"lower_bound":"NDcyNDg3","upper_bound":"NDc5NjI2","repeats":1,"ndv":0},{"count":488031,"lower_bound":"NDc5Njc2","upper_bound":"NDg3MTU1","repeats":1,"ndv":0},{"count":495539,"lower_bound":"NDg3MTU4","upper_bound":"NDk1MDU2","repeats":1,"ndv":0},{"count":503047,"lower_bound":"NDk1MTQz","upper_bound":"NTAyNTQy","repeats":1,"ndv":0},{"count":510555,"lower_bound":"NTAyNjE5","upper_bound":"NTA5OTQ0","repeats":1,"ndv":0},{"count":518063,"lower_bound":"NTA5OTg1","upper_bound":"NTE2OTE4","repeats":1,"ndv":0},{"count":525572,"lower_bound":"NTE2OTYw","upper_bound":"NTI0NzI1","repeats":1,"ndv":0},{"count":533080,"lower_bound":"NTI0NzQ0","upper_bound":"NTMyNDgy","repeats":1,"ndv":0},{"count":540588,"lower_bound":"NTMyNTEz","upper_bound":"NTQwMzc3","repeats":1,"ndv":0},{"count":548096,"lower_bound":"NTQwMzg2","upper_bound":"NTQ4NDU3","repeats":1,"ndv":0},{"count":555604,"lower_bound":"NTQ4NDY0","upper_bound":"NTU2NTMy","repeats":1,"ndv":0},{"count":563112,"lower_bound":"NTU2NTQ2","upper_bound":"NTY0NDMz","repeats":1,"ndv":0},{"count":570621,"lower_bound":"NTY0NDYw","upper_bound":"NTcxNjI1","repeats":1,"ndv":0},{"count":578129,"lower_bound":"NTcxNjMw","upper_bound":"NTc5ODA0","repeats":1,"ndv":0},{"count":585637,"lower_bound":"NTc5ODA3","upper_bound":"NTg3MDEx","repeats":1,"ndv":0},{"count":593145,"lower_bound":"NTg3MDEz","upper_bound":"NTk0NDk1","repeats":1,"ndv":0},{"count":600653,"lower_bound":"NTk0NTUy","upper_bound":"NjAyMjk1","repeats":1,"ndv":0},{"count":608161,"lower_bound":"NjAyMzEw","upper_bound":"NjA5OTAw","repeats":1,"ndv":0},{"count":615670,"lower_bound":"NjA5OTAx","upper_bound":"NjE3MTM2","repeats":1,"ndv":0},{"count":623178,"lower_bound":"NjE3MTY4","upper_bound":"NjI0Mjk3","repeats":1,"ndv":0},{"count":630686,"lower_bound":"NjI0MzMx","upper_bound":"NjMxODc3","repeats":1,"ndv":0},{"count":638194,"lower_bound":"NjMxODc4","upper_bound":"NjM5NTgy","repeats":1,"ndv":0},{"count":645702,"lower_bound":"NjM5NjE3","upper_bound":"NjQ2ODgw","repeats":1,"ndv":0},{"count":653210,"lower_bound":"NjQ2OTIz","upper_bound":"NjU0MTc4","repeats":1,"ndv":0},{"count":660719,"lower_bound":"NjU0MjMz","upper_bound":"NjYxNTEw","repeats":1,"ndv":0},{"count":668227,"lower_bound":"NjYxNjEw","upper_bound":"NjY5MjI1","repeats":1,"ndv":0},{"count":675735,"lower_bound":"NjY5MjI2","upper_bound":"Njc3MDcz","repeats":1,"ndv":0},{"count":683243,"lower_bound":"Njc3MDk2","upper_bound":"Njg0NTgy","repeats":1,"ndv":0},{"count":690751,"lower_bound":"Njg0NTg5","upper_bound":"NjkxNjA4","repeats":1,"ndv":0},{"count":698260,"lower_bound":"NjkxNjE2","upper_bound":"Njk4NzUz","repeats":1,"ndv":0},{"count":705768,"lower_bound":"Njk4NzY0","upper_bound":"NzA1NzI0","repeats":1,"ndv":0},{"count":713276,"lower_bound":"NzA1NzM1","upper_bound":"NzEzMjUy","repeats":1,"ndv":0},{"count":720784,"lower_bound":"NzEzMjY1","upper_bound":"NzIwMzA4","repeats":1,"ndv":0},{"count":728292,"lower_bound":"NzIwMzEw","upper_bound":"NzI3ODUy","repeats":1,"ndv":0},{"count":735800,"lower_bound":"NzI3ODU3","upper_bound":"NzM1Mzgz","repeats":1,"ndv":0},{"count":743309,"lower_bound":"NzM1Mzg2","upper_bound":"NzQzMTU2","repeats":1,"ndv":0},{"count":750817,"lower_bound":"NzQzMTYy","upper_bound":"NzUwMjU0","repeats":1,"ndv":0},{"count":758325,"lower_bound":"NzUwMjY0","upper_bound":"NzU3NDg3","repeats":1,"ndv":0},{"count":765833,"lower_bound":"NzU3NTA2","upper_bound":"NzY0NDA4","repeats":1,"ndv":0},{"count":773341,"lower_bound":"NzY0NDA5","upper_bound":"NzcxNTI0","repeats":1,"ndv":0},{"count":780849,"lower_bound":"NzcxNTQ4","upper_bound":"Nzc4NjYx","repeats":1,"ndv":0},{"count":788358,"lower_bound":"Nzc4NjY2","upper_bound":"Nzg2NDk4","repeats":1,"ndv":0},{"count":795866,"lower_bound":"Nzg2NTA4","upper_bound":"Nzk0OTA5","repeats":1,"ndv":0},{"count":803374,"lower_bound":"Nzk0OTE2","upper_bound":"ODAxOTc1","repeats":1,"ndv":0},{"count":810882,"lower_bound":"ODAyMDM0","upper_bound":"ODA5NzQ1","repeats":1,"ndv":0},{"count":818390,"lower_bound":"ODA5NzU0","upper_bound":"ODE2OTQ3","repeats":1,"ndv":0},{"count":825898,"lower_bound":"ODE2OTUx","upper_bound":"ODI0ODQx","repeats":1,"ndv":0},{"count":833407,"lower_bound":"ODI0ODQ3","upper_bound":"ODMyMzI2","repeats":1,"ndv":0},{"count":840915,"lower_bound":"ODMyMzI5","upper_bound":"ODM5NDc2","repeats":1,"ndv":0},{"count":848423,"lower_bound":"ODM5NDc4","upper_bound":"ODQ2MjUx","repeats":1,"ndv":0},{"count":855931,"lower_bound":"ODQ2Mjg0","upper_bound":"ODU0NDM1","repeats":1,"ndv":0},{"count":863439,"lower_bound":"ODU0NDcw","upper_bound":"ODYxNjUx","repeats":1,"ndv":0},{"count":870947,"lower_bound":"ODYxNjU0","upper_bound":"ODY5MTQ5","repeats":1,"ndv":0},{"count":878456,"lower_bound":"ODY5MTU0","upper_bound":"ODc2NDg5","repeats":1,"ndv":0},{"count":885964,"lower_bound":"ODc2NDkw","upper_bound":"ODg0MDg2","repeats":1,"ndv":0},{"count":893472,"lower_bound":"ODg0MDk2","upper_bound":"ODkxNzE0","repeats":1,"ndv":0},{"count":900980,"lower_bound":"ODkxNzM3","upper_bound":"ODk5MjU5","repeats":1,"ndv":0},{"count":908488,"lower_bound":"ODk5MjY0","upper_bound":"OTA2OTUz","repeats":1,"ndv":0},{"count":915997,"lower_bound":"OTA2OTg1","upper_bound":"OTEzNzIz","repeats":1,"ndv":0},{"count":923505,"lower_bound":"OTEzNzQ1","upper_bound":"OTIxMzQw","repeats":1,"ndv":0},{"count":931013,"lower_bound":"OTIxMzc2","upper_bound":"OTI4NDc0","repeats":1,"ndv":0},{"count":938521,"lower_bound":"OTI4NDc2","upper_bound":"OTM1ODQ3","repeats":1,"ndv":0},{"count":946029,"lower_bound":"OTM1ODU5","upper_bound":"OTQzODgz","repeats":1,"ndv":0},{"count":953537,"lower_bound":"OTQzOTI5","upper_bound":"OTUwOTg4","repeats":1,"ndv":0},{"count":961046,"lower_bound":"OTUwOTk3","upper_bound":"OTU3ODk5","repeats":1,"ndv":0},{"count":968554,"lower_bound":"OTU3OTAy","upper_bound":"OTY1OTIw","repeats":1,"ndv":0},{"count":976062,"lower_bound":"OTY1OTM2","upper_bound":"OTc0MzA2","repeats":1,"ndv":0},{"count":983570,"lower_bound":"OTc0MzIw","upper_bound":"OTgxNzcx","repeats":1,"ndv":0},{"count":991078,"lower_bound":"OTgxNzg4","upper_bound":"OTkwMTI3","repeats":1,"ndv":0},{"count":998586,"lower_bound":"OTkwMTMx","upper_bound":"OTk3NzMy","repeats":1,"ndv":0},{"count":1006095,"lower_bound":"OTk3NzYw","upper_bound":"MTAwNTM5NA==","repeats":1,"ndv":0},{"count":1013603,"lower_bound":"MTAwNTM5OQ==","upper_bound":"MTAxMzA4MA==","repeats":1,"ndv":0},{"count":1021111,"lower_bound":"MTAxMzExMg==","upper_bound":"MTAyMDcwMg==","repeats":1,"ndv":0},{"count":1028619,"lower_bound":"MTAyMDczOQ==","upper_bound":"MTAyODc0NA==","repeats":1,"ndv":0},{"count":1036127,"lower_bound":"MTAyODc2MQ==","upper_bound":"MTAzNTg3OA==","repeats":1,"ndv":0},{"count":1043635,"lower_bound":"MTAzNTg4NQ==","upper_bound":"MTA0MzI5MQ==","repeats":1,"ndv":0},{"count":1051144,"lower_bound":"MTA0MzMzNg==","upper_bound":"MTA1MDQyMA==","repeats":1,"ndv":0},{"count":1058652,"lower_bound":"MTA1MDQ0MA==","upper_bound":"MTA1ODEwOQ==","repeats":1,"ndv":0},{"count":1066160,"lower_bound":"MTA1ODEyMw==","upper_bound":"MTA2NTg4MA==","repeats":1,"ndv":0},{"count":1073668,"lower_bound":"MTA2NTkwMw==","upper_bound":"MTA3MzM5OQ==","repeats":1,"ndv":0},{"count":1081176,"lower_bound":"MTA3MzQwMQ==","upper_bound":"MTA4MTEzNg==","repeats":1,"ndv":0},{"count":1088684,"lower_bound":"MTA4MTE1MQ==","upper_bound":"MTA4OTIyNg==","repeats":1,"ndv":0},{"count":1096193,"lower_bound":"MTA4OTI1NQ==","upper_bound":"MTA5NjM5MA==","repeats":1,"ndv":0},{"count":1103701,"lower_bound":"MTA5NjQwMQ==","upper_bound":"MTEwMzU3NQ==","repeats":1,"ndv":0},{"count":1111209,"lower_bound":"MTEwMzU3Ng==","upper_bound":"MTExMTI5MQ==","repeats":1,"ndv":0},{"count":1118717,"lower_bound":"MTExMTI5Nw==","upper_bound":"MTExOTAxNA==","repeats":1,"ndv":0},{"count":1126225,"lower_bound":"MTExOTAyNQ==","upper_bound":"MTEyNjQ1Nw==","repeats":1,"ndv":0},{"count":1133734,"lower_bound":"MTEyNjQ2MA==","upper_bound":"MTEzMzUxNA==","repeats":1,"ndv":0},{"count":1141242,"lower_bound":"MTEzMzUxOQ==","upper_bound":"MTE0MTEyOQ==","repeats":1,"ndv":0},{"count":1148750,"lower_bound":"MTE0MTE1NA==","upper_bound":"MTE0ODY2MA==","repeats":1,"ndv":0},{"count":1156258,"lower_bound":"MTE0ODY2OQ==","upper_bound":"MTE1NjY1OA==","repeats":1,"ndv":0},{"count":1163766,"lower_bound":"MTE1NjY2Mg==","upper_bound":"MTE2NDI0Mg==","repeats":1,"ndv":0},{"count":1171274,"lower_bound":"MTE2NDI0OQ==","upper_bound":"MTE3MTUzNw==","repeats":1,"ndv":0},{"count":1178783,"lower_bound":"MTE3MTU1OA==","upper_bound":"MTE3OTAwMw==","repeats":1,"ndv":0},{"count":1186291,"lower_bound":"MTE3OTA5MQ==","upper_bound":"MTE4NjAxNA==","repeats":1,"ndv":0},{"count":1193799,"lower_bound":"MTE4NjAzMg==","upper_bound":"MTE5Mzc3Ng==","repeats":1,"ndv":0},{"count":1201307,"lower_bound":"MTE5Mzc4Ng==","upper_bound":"MTIwMTI4Mw==","repeats":1,"ndv":0},{"count":1208815,"lower_bound":"MTIwMTMxOA==","upper_bound":"MTIwODgyNQ==","repeats":1,"ndv":0},{"count":1216323,"lower_bound":"MTIwODgzNQ==","upper_bound":"MTIxNjUzMQ==","repeats":1,"ndv":0},{"count":1223832,"lower_bound":"MTIxNjUzNw==","upper_bound":"MTIyNDM4Mw==","repeats":1,"ndv":0},{"count":1231340,"lower_bound":"MTIyNDM4Nw==","upper_bound":"MTIzMTYyMw==","repeats":1,"ndv":0},{"count":1238848,"lower_bound":"MTIzMTY1MA==","upper_bound":"MTIzOTQ1Mw==","repeats":1,"ndv":0},{"count":1246356,"lower_bound":"MTIzOTQ4Ng==","upper_bound":"MTI0NzQyOA==","repeats":1,"ndv":0},{"count":1253864,"lower_bound":"MTI0NzQzMw==","upper_bound":"MTI1NDU5Mw==","repeats":1,"ndv":0},{"count":1261372,"lower_bound":"MTI1NDU5NQ==","upper_bound":"MTI2MjM1Ng==","repeats":1,"ndv":0},{"count":1268881,"lower_bound":"MTI2MjM2OQ==","upper_bound":"MTI2OTYxMg==","repeats":1,"ndv":0},{"count":1276389,"lower_bound":"MTI2OTYxMw==","upper_bound":"MTI3NzQ1NQ==","repeats":1,"ndv":0},{"count":1283897,"lower_bound":"MTI3NzQ2NA==","upper_bound":"MTI4NTA4Mg==","repeats":1,"ndv":0},{"count":1291405,"lower_bound":"MTI4NTE1Ng==","upper_bound":"MTI5MjkxNA==","repeats":1,"ndv":0},{"count":1298913,"lower_bound":"MTI5MjkxOQ==","upper_bound":"MTI5OTc3OA==","repeats":1,"ndv":0},{"count":1306421,"lower_bound":"MTI5OTgwNA==","upper_bound":"MTMwNzQxMw==","repeats":1,"ndv":0},{"count":1313930,"lower_bound":"MTMwNzQzNA==","upper_bound":"MTMxNTE3MA==","repeats":1,"ndv":0},{"count":1321438,"lower_bound":"MTMxNTE3MQ==","upper_bound":"MTMyMjc0MA==","repeats":1,"ndv":0},{"count":1328946,"lower_bound":"MTMyMjc2Mw==","upper_bound":"MTMyOTcyNQ==","repeats":1,"ndv":0},{"count":1336454,"lower_bound":"MTMyOTc2MQ==","upper_bound":"MTMzNzA0Ng==","repeats":1,"ndv":0},{"count":1343962,"lower_bound":"MTMzNzA2Mg==","upper_bound":"MTM0NDIxNw==","repeats":1,"ndv":0},{"count":1351471,"lower_bound":"MTM0NDIyMA==","upper_bound":"MTM1MTYxNw==","repeats":1,"ndv":0},{"count":1358979,"lower_bound":"MTM1MTYyOA==","upper_bound":"MTM1ODgyOA==","repeats":1,"ndv":0},{"count":1366487,"lower_bound":"MTM1ODg1Nw==","upper_bound":"MTM2NjI3OA==","repeats":1,"ndv":0},{"count":1373995,"lower_bound":"MTM2NjI4Mw==","upper_bound":"MTM3MzgzNQ==","repeats":1,"ndv":0},{"count":1381503,"lower_bound":"MTM3Mzg0OA==","upper_bound":"MTM4MTIzMA==","repeats":1,"ndv":0},{"count":1389011,"lower_bound":"MTM4MTI0Mw==","upper_bound":"MTM4ODQ4Mw==","repeats":1,"ndv":0},{"count":1396520,"lower_bound":"MTM4ODQ5OA==","upper_bound":"MTM5NTQ3Ng==","repeats":1,"ndv":0},{"count":1404028,"lower_bound":"MTM5NTUxMg==","upper_bound":"MTQwMjc4MQ==","repeats":1,"ndv":0},{"count":1411536,"lower_bound":"MTQwMjc4NQ==","upper_bound":"MTQxMDI0Mw==","repeats":1,"ndv":0},{"count":1419044,"lower_bound":"MTQxMDI0NA==","upper_bound":"MTQxNzE1OA==","repeats":1,"ndv":0},{"count":1426552,"lower_bound":"MTQxNzE1OQ==","upper_bound":"MTQyNTkyOA==","repeats":1,"ndv":0},{"count":1434060,"lower_bound":"MTQyNTkzNg==","upper_bound":"MTQzMzYzMA==","repeats":1,"ndv":0},{"count":1441569,"lower_bound":"MTQzMzY3Ng==","upper_bound":"MTQ0MDg4OQ==","repeats":1,"ndv":0},{"count":1449077,"lower_bound":"MTQ0MDkwMw==","upper_bound":"MTQ0ODE2Nw==","repeats":1,"ndv":0},{"count":1456585,"lower_bound":"MTQ0ODE2OA==","upper_bound":"MTQ1NTE4MQ==","repeats":1,"ndv":0},{"count":1464093,"lower_bound":"MTQ1NTE4Ng==","upper_bound":"MTQ2MjY4MA==","repeats":1,"ndv":0},{"count":1471601,"lower_bound":"MTQ2MjY4OA==","upper_bound":"MTQ3MDI5NA==","repeats":1,"ndv":0},{"count":1479109,"lower_bound":"MTQ3MDMxNQ==","upper_bound":"MTQ3Nzg2MQ==","repeats":1,"ndv":0},{"count":1486618,"lower_bound":"MTQ3Nzg3Mw==","upper_bound":"MTQ4NDkxNA==","repeats":1,"ndv":0},{"count":1494126,"lower_bound":"MTQ4NDkyOA==","upper_bound":"MTQ5MzE1NA==","repeats":1,"ndv":0},{"count":1501634,"lower_bound":"MTQ5MzE1NQ==","upper_bound":"MTUwMDkwMg==","repeats":1,"ndv":0},{"count":1509142,"lower_bound":"MTUwMDkwMw==","upper_bound":"MTUwODU0MQ==","repeats":1,"ndv":0},{"count":1516650,"lower_bound":"MTUwODU0OQ==","upper_bound":"MTUxNjIyOA==","repeats":1,"ndv":0},{"count":1524158,"lower_bound":"MTUxNjIzOQ==","upper_bound":"MTUyMzYxNA==","repeats":1,"ndv":0},{"count":1531667,"lower_bound":"MTUyMzYyMQ==","upper_bound":"MTUzMTM0OQ==","repeats":1,"ndv":0},{"count":1539175,"lower_bound":"MTUzMTM4Mw==","upper_bound":"MTUzODkyOA==","repeats":1,"ndv":0},{"count":1546683,"lower_bound":"MTUzODk0MQ==","upper_bound":"MTU0NjQ0Ng==","repeats":1,"ndv":0},{"count":1554191,"lower_bound":"MTU0NjQ1OQ==","upper_bound":"MTU1NDEyMw==","repeats":1,"ndv":0},{"count":1561699,"lower_bound":"MTU1NDEyOA==","upper_bound":"MTU2MTU0NA==","repeats":1,"ndv":0},{"count":1569208,"lower_bound":"MTU2MTYwMw==","upper_bound":"MTU2OTMzNQ==","repeats":1,"ndv":0},{"count":1576716,"lower_bound":"MTU2OTM2Ng==","upper_bound":"MTU3NTg2OA==","repeats":1,"ndv":0},{"count":1584224,"lower_bound":"MTU3NTg3OA==","upper_bound":"MTU4NDAwOQ==","repeats":1,"ndv":0},{"count":1591732,"lower_bound":"MTU4NDAxNw==","upper_bound":"MTU5MTc3Nw==","repeats":1,"ndv":0},{"count":1599240,"lower_bound":"MTU5MTc4Nw==","upper_bound":"MTU5OTM2Nw==","repeats":1,"ndv":0},{"count":1606748,"lower_bound":"MTU5OTM3NA==","upper_bound":"MTYwNzU2Mw==","repeats":1,"ndv":0},{"count":1614257,"lower_bound":"MTYwNzU2Nw==","upper_bound":"MTYxNDYwMA==","repeats":1,"ndv":0},{"count":1621765,"lower_bound":"MTYxNDYwNw==","upper_bound":"MTYyMTQwOQ==","repeats":1,"ndv":0},{"count":1629273,"lower_bound":"MTYyMTQxMQ==","upper_bound":"MTYyODk3Mg==","repeats":1,"ndv":0},{"count":1636781,"lower_bound":"MTYyODk4MQ==","upper_bound":"MTYzNjc5OQ==","repeats":1,"ndv":0},{"count":1644289,"lower_bound":"MTYzNjgwMg==","upper_bound":"MTY0NTIwOQ==","repeats":1,"ndv":0},{"count":1651797,"lower_bound":"MTY0NTIyMQ==","upper_bound":"MTY1MjEzMQ==","repeats":1,"ndv":0},{"count":1659306,"lower_bound":"MTY1MjE1Ng==","upper_bound":"MTY1OTU4Mw==","repeats":1,"ndv":0},{"count":1666814,"lower_bound":"MTY1OTU4Ng==","upper_bound":"MTY2NzA5OQ==","repeats":1,"ndv":0},{"count":1674322,"lower_bound":"MTY2NzEwNg==","upper_bound":"MTY3NDUyMw==","repeats":1,"ndv":0},{"count":1681830,"lower_bound":"MTY3NDUzMw==","upper_bound":"MTY4MjE3OQ==","repeats":1,"ndv":0},{"count":1689338,"lower_bound":"MTY4MjE4MA==","upper_bound":"MTY4OTY3Mg==","repeats":1,"ndv":0},{"count":1696846,"lower_bound":"MTY4OTcwMQ==","upper_bound":"MTY5NjkxMA==","repeats":1,"ndv":0},{"count":1704355,"lower_bound":"MTY5NjkyMA==","upper_bound":"MTcwNDA4Nw==","repeats":1,"ndv":0},{"count":1711863,"lower_bound":"MTcwNDEyMQ==","upper_bound":"MTcxMTY4Mw==","repeats":1,"ndv":0},{"count":1719371,"lower_bound":"MTcxMTY4NA==","upper_bound":"MTcxOTI5MQ==","repeats":1,"ndv":0},{"count":1726879,"lower_bound":"MTcxOTMwNQ==","upper_bound":"MTcyNzA0OA==","repeats":1,"ndv":0},{"count":1734387,"lower_bound":"MTcyNzA2Nw==","upper_bound":"MTczNDMzOQ==","repeats":1,"ndv":0},{"count":1741895,"lower_bound":"MTczNDM2Ng==","upper_bound":"MTc0MTg5NA==","repeats":1,"ndv":0},{"count":1749404,"lower_bound":"MTc0MTkyMg==","upper_bound":"MTc0OTY0Mg==","repeats":1,"ndv":0},{"count":1756912,"lower_bound":"MTc0OTY2Ng==","upper_bound":"MTc1NzYwMw==","repeats":1,"ndv":0},{"count":1764420,"lower_bound":"MTc1NzYwNg==","upper_bound":"MTc2NDgzNg==","repeats":1,"ndv":0},{"count":1771928,"lower_bound":"MTc2NDg1OQ==","upper_bound":"MTc3MjQ1MQ==","repeats":1,"ndv":0},{"count":1779436,"lower_bound":"MTc3MjQ1Mw==","upper_bound":"MTc3OTg2MQ==","repeats":1,"ndv":0},{"count":1786945,"lower_bound":"MTc3OTg4Mw==","upper_bound":"MTc4NzE2Nw==","repeats":1,"ndv":0},{"count":1794453,"lower_bound":"MTc4NzI0Mg==","upper_bound":"MTc5NDEyNQ==","repeats":1,"ndv":0},{"count":1801961,"lower_bound":"MTc5NDE1OQ==","upper_bound":"MTgwMjM0Ng==","repeats":1,"ndv":0},{"count":1809469,"lower_bound":"MTgwMjM1MA==","upper_bound":"MTgxMDAwNA==","repeats":1,"ndv":0},{"count":1816977,"lower_bound":"MTgxMDAwNw==","upper_bound":"MTgxNzIxNQ==","repeats":1,"ndv":0},{"count":1824485,"lower_bound":"MTgxNzIzOA==","upper_bound":"MTgyMzgzMw==","repeats":1,"ndv":0},{"count":1831994,"lower_bound":"MTgyMzkwOQ==","upper_bound":"MTgzMDkxNw==","repeats":1,"ndv":0},{"count":1839502,"lower_bound":"MTgzMDkzMQ==","upper_bound":"MTgzOTE1Mw==","repeats":1,"ndv":0},{"count":1847010,"lower_bound":"MTgzOTE5MQ==","upper_bound":"MTg0NjYwOQ==","repeats":1,"ndv":0},{"count":1854518,"lower_bound":"MTg0NjY0MA==","upper_bound":"MTg1Mzk3NQ==","repeats":1,"ndv":0},{"count":1862026,"lower_bound":"MTg1Mzk3OQ==","upper_bound":"MTg2MTMyMA==","repeats":1,"ndv":0},{"count":1869534,"lower_bound":"MTg2MTMyMw==","upper_bound":"MTg2ODMwMg==","repeats":1,"ndv":0},{"count":1877043,"lower_bound":"MTg2ODMxMA==","upper_bound":"MTg3NjAyOA==","repeats":1,"ndv":0},{"count":1884551,"lower_bound":"MTg3NjAzMQ==","upper_bound":"MTg4MzIxNQ==","repeats":1,"ndv":0},{"count":1892059,"lower_bound":"MTg4MzIyMQ==","upper_bound":"MTg5MDk3OQ==","repeats":1,"ndv":0},{"count":1899567,"lower_bound":"MTg5MDk5Mg==","upper_bound":"MTg5OTA3OQ==","repeats":1,"ndv":0},{"count":1907075,"lower_bound":"MTg5OTA4OQ==","upper_bound":"MTkwNjk4Ng==","repeats":1,"ndv":0},{"count":1914583,"lower_bound":"MTkwNzAxMA==","upper_bound":"MTkxNDMzMA==","repeats":1,"ndv":0},{"count":1920800,"lower_bound":"MTkxNDM0NQ==","upper_bound":"MTkyMDc4OQ==","repeats":1,"ndv":0}]},"cm_sketch":null,"fm_sketch":null,"null_count":0,"tot_col_size":15366400,"last_update_version":437520778729619462,"correlation":1,"stats_ver":2},"cd_dep_college_count":{"histogram":{"ndv":7},"cm_sketch":{"top_n":[{"data":"A4AAAAAAAAAA","count":267257},{"data":"A4AAAAAAAAAB","count":266679},{"data":"A4AAAAAAAAAC","count":268634},{"data":"A4AAAAAAAAAD","count":265846},{"data":"A4AAAAAAAAAE","count":267597},{"data":"A4AAAAAAAAAF","count":266118},{"data":"A4AAAAAAAAAG","count":267971}],"default_value":0},"fm_sketch":null,"null_count":0,"tot_col_size":15366400,"last_update_version":437520778729619462,"correlation":1,"stats_ver":2},"cd_dep_count":{"histogram":{"ndv":7},"cm_sketch":{"top_n":[{"data":"A4AAAAAAAAAA","count":266407},{"data":"A4AAAAAAAAAB","count":268923},{"data":"A4AAAAAAAAAC","count":268498},{"data":"A4AAAAAAAAAD","count":267546},{"data":"A4AAAAAAAAAE","count":267189},{"data":"A4AAAAAAAAAF","count":266628},{"data":"A4AAAAAAAAAG","count":264911}],"default_value":0},"fm_sketch":null,"null_count":0,"tot_col_size":15366400,"last_update_version":437520778729619462,"correlation":0.15723786123361283,"stats_ver":2},"cd_dep_employed_count":{"histogram":{"ndv":7},"cm_sketch":{"top_n":[{"data":"A4AAAAAAAAAA","count":267461},{"data":"A4AAAAAAAAAB","count":265897},{"data":"A4AAAAAAAAAC","count":267682},{"data":"A4AAAAAAAAAD","count":269382},{"data":"A4AAAAAAAAAE","count":266118},{"data":"A4AAAAAAAAAF","count":269960},{"data":"A4AAAAAAAAAG","count":263602}],"default_value":0},"fm_sketch":null,"null_count":0,"tot_col_size":15366400,"last_update_version":437520778729619462,"correlation":0.2772445686837059,"stats_ver":2},"cd_education_status":{"histogram":{"ndv":7},"cm_sketch":{"top_n":[{"data":"ATIgeXIgRGVn/3JlZQAAAAAA+g==","count":268430},{"data":"ATQgeXIgRGVn/3JlZQAAAAAA+g==","count":266764},{"data":"AUFkdmFuY2Vk/yBEZWdyZWUA/g==","count":267529},{"data":"AUNvbGxlZ2UA/g==","count":266152},{"data":"AVByaW1hcnkA/g==","count":267495},{"data":"AVNlY29uZGFy/3kAAAAAAAAA+A==","count":265030},{"data":"AVVua25vd24A/g==","count":268702}],"default_value":0},"fm_sketch":null,"null_count":0,"tot_col_size":20305600,"last_update_version":437520778729619462,"correlation":0.14225646428037986,"stats_ver":2},"cd_gender":{"histogram":{"ndv":2},"cm_sketch":{"top_n":[{"data":"AUYAAAAAAAAA+A==","count":930223},{"data":"AU0AAAAAAAAA+A==","count":939879}],"default_value":0},"fm_sketch":null,"null_count":0,"tot_col_size":3841600,"last_update_version":437520778729619462,"correlation":0.5026734749346516,"stats_ver":2},"cd_marital_status":{"histogram":{"ndv":5},"cm_sketch":{"top_n":[{"data":"AUQAAAAAAAAA+A==","count":372198},{"data":"AU0AAAAAAAAA+A==","count":376720},{"data":"AVMAAAAAAAAA+A==","count":374408},{"data":"AVUAAAAAAAAA+A==","count":372385},{"data":"AVcAAAAAAAAA+A==","count":374391}],"default_value":0},"fm_sketch":null,"null_count":0,"tot_col_size":3841600,"last_update_version":437520778729619462,"correlation":0.202505149212324,"stats_ver":2},"cd_purchase_estimate":{"histogram":{"ndv":20},"cm_sketch":{"top_n":[{"data":"A4AAAAAAAAH0","count":92531},{"data":"A4AAAAAAAAPo","count":93874},{"data":"A4AAAAAAAAXc","count":91919},{"data":"A4AAAAAAAAfQ","count":93874},{"data":"A4AAAAAAAAnE","count":93364},{"data":"A4AAAAAAAAu4","count":93976},{"data":"A4AAAAAAAA2s","count":93109},{"data":"A4AAAAAAAA+g","count":92582},{"data":"A4AAAAAAABGU","count":93959},{"data":"A4AAAAAAABOI","count":94945},{"data":"A4AAAAAAABV8","count":94401},{"data":"A4AAAAAAABdw","count":94010},{"data":"A4AAAAAAABlk","count":92582},{"data":"A4AAAAAAABtY","count":93160},{"data":"A4AAAAAAAB1M","count":93364},{"data":"A4AAAAAAAB9A","count":93534},{"data":"A4AAAAAAACE0","count":92939},{"data":"A4AAAAAAACMo","count":94214},{"data":"A4AAAAAAACUc","count":94095},{"data":"A4AAAAAAACcQ","count":93670}],"default_value":0},"fm_sketch":null,"null_count":0,"tot_col_size":15366400,"last_update_version":437520778729619462,"correlation":0.04786938844438947,"stats_ver":2}},"indices":{},"ext_stats":null,"count":1920800,"modify_count":0,"partitions":null}